:020000040800F2
:10000000D00F002021030008B15F0008755F0008D1
:10001000AD5F00086D090008896E00083303000811
:100020000000000000000000000000006162000805
:10003000450B000800000000B55F0008656200087D
:100040003D0300083D0300083D0300083D03000890
:100050003D0300083D0300083D0300083D03000880
:100060003D0300083D0300083D0300083D03000870
:100070003D0300083D0300083D0300083D03000860
:100080003D0300083D0300083D0300083D03000850
:100090003D0300083D0300083D0300083D03000840
:1000A000490B00083D0300083D030008590B0008F8
:1000B0003D0300083D0300083D0300083D03000820
:1000C0003D0300083D0300083D0300083D03000810
:1000D0003D0300088D0600083D0300083D030008AD
:1000E0003D0300083D0300083D0300083D030008F0
:1000F0003D0300083D0300083D0300083D030008E0
:100100003D030008ED6300083D0300083D030008BF
:100110003D0300083D0300083D0300083D030008BF
:100120003D0300083D0300083D0300083D030008AF
:100130003D0300083D0300083D0300083D0300089F
:100140003D0300083D0300083D0300083D0300088F
:100150003D0300083D0300083D0300083D0300087F
:100160000000000000000000196E00083D030008B8
:100170003D0300083D0300083D0300083D0300085F
:100180003D0300083D0300083D0300080000000097
:10019000000000003D030008000000000000000017
:1001A00000000000000000003D0300083D030008BF
:1001B0003D0300083D0300083D0300083D0300081F
:1001C0003D0300083D03000800000000000000009F
:1001D0000000000000000000000000003D030008D7
:1001E0003D0300083D03000800000000000000007F
:1001F0003D0300083D0300083D0300080000000027
:10020000000000003D0300083D0300083D03000816
:100210003D0300083D0300083D0300083D030008BE
:100220003D03000800000000000000003D0300083E
:100230003D03000800000000000000000000000076
:100240000000000000000000000000003D03000866
:100250003D03000800F002F800F052F814A696E8FA
:10026000000CB244B344DA4501D100F049F8BAE8D1
:100270000F000FA696E83000A5EB040504EB060777
:10028000AAEB0704A7F101074FEA15154FEA34144A
:10029000A4F10104AC4201D300F032F813F0010FD5
:1002A00018BFFB1A43F0010300F001F8DBE7184721
:1002B000A0A90000C0A90000103A24BF78C878C1E6
:1002C000FAD8520724BF30C830C144BF04680C605C
:1002D000704700007047000000230024002500261E
:1002E000103A28BF78C1FBD8520728BF30C148BF99
:1002F0000B6070471FB50AF017FC1FBD10B510BD8D
:1003000000F08AF91146FFF7F5FF07F009FF00F04A
:10031000A8F903B4FFF7F2FF03BC00F0AFF9000047
:100320000A4880470A480047FEE7FEE7FEE7FEE787
:10033000FEE7FEE7FEE7FEE7FEE7FEE7FEE700007A
:1003400004480549054A064B704700003D63000814
:1003500055020008D0090020D00F0020D00B00204B
:10036000D00B002053EA020C00F069802DE9F04B1D
:100370004FF00006002B1FBFB3FA83F503FA05F414
:1003800024FA05F65E4012BF1643B2FA82F502FA6D
:1003900005F4C5F120051EBF22FA05FC44EA0C0451
:1003A000203556EA044C4FEA144418BF641C4FF041
:1003B00000084FF00009904271EB030C39D300297B
:1003C00019BFB1FA81F701FA07F6B0FA80F700FA1F
:1003D00007F6C7F120071EBF20FA07FC46EA0C0605
:1003E0002037B6FBF4FCA7EB0507103F07F01F0B07
:1003F000CBF120062CFA06F60CFA0BFB44BFB346F1
:100400000026202FA4BF5E464FF0000B5BEA060CCF
:1004100008BF4FF0010B19EB0B0948EB0608ABFBCB
:10042000027C06FB02CC0BFB03CCC01B71EB0C0166
:10043000C1E70B46024641464846BDE8F08B13B57E
:10044000084318BF4FF0FF300146AFF30080BDE80E
:100450001C40704710B5431C02E010F8011B71B13D
:100460008107FAD14FF0013202C88C1A8C4314EA8A
:10047000C211F9D0C01A0A0603D0C01E10BDC01A9E
:1004800010BD0A0401D0801E10BD0902FCD0401E20
:1004900010BD032A40F2308010F0030C00F01580EC
:1004A00011F8013BBCF1020F624498BF11F801CB77
:1004B00000F8013B38BF11F8013BA2F1040298BFDC
:1004C00000F801CB38BF00F8013B11F0030300F046
:1004D0007180083AC0F0088051F8043B083A51F89E
:1004E00004CBA0E80810F5E7121D5CBF51F8043BEF
:1004F00040F8043BAFF30080D20724BF11F8013B62
:1005000011F801CB48BF11F8012B24BF00F8013BC3
:1005100000F801CB48BF00F8012B70474FF00002F4
:100520000429C0F0128010F0030C00F01B80CCF105
:10053000040CBCF1020F18BF00F8012BA8BF20F873
:10054000022BA1EB0C0100F00DB85FEAC17C24BFC7
:1005500000F8012B00F8012B48BF00F8012B704771
:100560004FF0000200B5134694469646203922BF4C
:10057000A0E80C50A0E80C50B1F12001BFF4F7AF97
:10058000090728BFA0E80C5048BF0CC05DF804EB79
:10059000890028BF40F8042B08BF704748BF20F8E7
:1005A000022B11F0804F18BF00F8012B70477047E5
:1005B0007047704710B5203AC0F00B80B1E8185072
:1005C000A0E81850B1E81850A0E81850203ABFF43D
:1005D000F5AF5FEA027C24BFB1E81850A0E81850DC
:1005E00044BF18C918C0BDE810405FEA827C24BF30
:1005F00051F8043B40F8043B08BF7047D20728BFBE
:1006000031F8023B48BF11F8012B28BF20F8023B0C
:1006100048BF00F8012B7047754600F02BF8AE4636
:1006200005006946534620F00700854618B020B5FE
:10063000FFF786FEBDE820404FF000064FF00007B0
:100640004FF000084FF0000BAC46ACE8C009ACE836
:10065000C009ACE8C009ACE8C00921F007018D462B
:10066000704710B50446AFF300802046BDE8104047
:10067000FFF74FBE00487047400000200149182096
:10068000ABBEFEE7260002007047000040F2D43007
:10069000C2F2000000F062BC0146C06D836D826D45
:1006A00013F0500F08D0D20648BF00F055BC006DC3
:1006B000826E0846104700BF42F4007181650168F0
:1006C0000B68CA681B0703D4910707D500F040BC2C
:1006D00012F4406FFAD1C9688904F7D4816D21F40E
:1006E00080718165816DC90448BF00F031BC816DA6
:1006F00041F00101816500F02BBC0000C06D816DEF
:1007000041F040018165C16D41F00401C16500F017
:1007100023BC0000C06D00F01DBC000070B582B0AD
:1007200004460020019021688A68D20711D14FF653
:10073000C076C7F6FF76886806F17F0210420BD0BC
:10074000A06D40F01000A065E06D40F00100E06594
:10075000012002B070BD00BF8868304040F0010049
:10076000886048F20830C4F202200068000221D4F8
:1007700001F0E8FE21680A68D20717D1054602E0B9
:100780000868C00712D18868C00704D18868304063
:1007900040F00100886001F0D5FE401B216803286D
:1007A000EED30868C007EBD1CAE700BF002002B053
:1007B00070BD00BF40F22400C2F20000006842F6A3
:1007C00063518009C0F23E51A0FB0101880902215A
:1007D00001EB4000019001980028C9D00198013830
:1007E000019001980028C3D0019801380190019828
:1007F0000028BDD001980138019001980028B7D099
:1008000001980138019001980028E7D1B0E7000075
:1008100000281CBF6FF0010070472DE9F04186B041
:1008200040F68C40C4F202400268002442F001020B
:1008300002600268C4F2022402F001020192019AED
:10084000026801AD42F0010202600268022702F074
:1008500001020192019A02694FF0070842F4003246
:10086000026100690E4600F40030019001980420F6
:100870000190012003902046294602970497CDF865
:10088000148001F095FD0820CDE901072046294696
:10089000CDF8148001F08CFD40F2B440C2F20000AB
:1008A000314605F069FB002818BF6FF0030006B061
:1008B000BDE8F0817047000000EB400040F2485175
:1008C000C2F2000101EB800001F036BD10B586B028
:1008D00040F68C42C4F202421368044643F004031B
:1008E0001360126802F00400019001984FF4005068
:1008F000019040F600004FF00202C4F20220039281
:10090000049239B30021C1F21101029101A901F051
:100910004FFD04EB440040F24851C2F2000101EBEC
:1009200080040D21C0F20061204601F0FFFC40F67A
:1009300065122046C0F60002002101F027FD1820B4
:100940000F21002201F0A0FE182001F08BFE0020F4
:1009500006B010BD0021029101A901F029FD00207F
:1009600006B010BD0020FFF7A5BF0000FEE70000A5
:100970002DE9F043D2F800C0D0F808E0002953D0A8
:10098000BEF1000F4FF0000464D04FF6FC7311EA83
:1009900003094FF000074FF0000300F0B580056831
:1009A0004FF6FC732B40BEF1020F4FF0010455D3FC
:1009B0004B4553D04FF6FF7425EA040605274FF642
:1009C000FC7800BF46EA030454F82C50FC1E744522
:1009D00005EA08054ED24D454CD046EA050353F8CA
:1009E0002C30BC1E744503EA08031AD24B4518D0BC
:1009F00046EA030454F82C507C1E744505EA0805A9
:100A000038D24D4536D046EA050353F82C307745A9
:100A100003EA080307F1040402D24B452746D1D16B
:100A2000043C1F462B466FE0BEF1000F1AD004684D
:100A30004FF6FC75BEF1010304EA050716D04FF628
:100A4000FF75AC43AEF10205032D03F0030813D28A
:100A500030E000BF0027002356E000BF1F46002300
:100A600052E000BF00230027002456E001240023A9
:100A700053E000BF2F4647E023F003054FF6FC7616
:100A800044EA070353F82C30043D03EA060343EA23
:100A9000040353F82C3003EA060343EA040353F833
:100AA0002C3003EA060344EA030757F82C7007EAE0
:100AB0000607E5D13D46B8F1000F24D044EA05030E
:100AC00053F82C604FF6FC73B8F1010F06EA0306E9
:100AD00004D1744637462B4616E000BF44EA0605AB
:100AE00055F82C50B8F1020F03EA050304D17446FF
:100AF0001F46334608E000BF1C4354F82C404FF615
:100B0000FC7504EA0507744639B14FF6FC763140AE
:100B10008F421CBF0120BDE8F0834088946043EA07
:100B2000004147EA00435160D36053F82C1029B1CB
:100B30004FF6FC7300041940084310610020BDE823
:100B4000F0830000704700000020FFF7B5BE0000F2
:100B500072B600BFFEE7000040F23C40C2F2000067
:100B600001F0B6BA704700007047000070470000FF
:100B70007047000070470000F0B581B0002200927D
:100B800090F85420012A03D10221084601B0F0BD9B
:100B90000123076880F85430BB685B0750D40B68AA
:100BA00048F2083C012BC4F2022C0AD00226C0F203
:100BB0003046B3420FD1CE680025C4F27F05AE4265
:100BC00009D14FF6C056CFF6FF765CF8065045F0D7
:100BD00001054CF806504E681F22C6F3012506F0A9
:100BE0001F0607EB8505C3F384632C6BB24024EA30
:100BF0000202B3401A432A63BA68BB6802F00402D7
:100C000003F00803D21840F0BC800A6807F114030F
:100C1000C2F3406404268D6806EAD25E53F824606D
:100C2000C2F304540722A240B5F1004F26EA02069F
:100C30000CD143F80E601A6842F000430EE000BF8A
:100C4000816D41F02001816501217BE105FA04F20B
:100C5000324343F80E201A6822F000437B61D1E949
:100C60000435FE68042B5FD13A6E3A6E0B68C2F30E
:100C7000846293FAA3F4B4FA84F5C3F3846E6FF339
:100C80001F532C46002B08BF7446A2424FF6FF7438
:100C9000C0F20F040CD13A6E22F000423A660A68A4
:100CA00002EA0403C2F3846E92FAA2F2B2FA82F567
:100CB0007A6E7A6E002BC2F384622E4608BF7646A7
:100CC000B2420CD17A6E22F000427A660A6802EAD9
:100CD0000403C2F3846E92FAA2F2B2FA82F5BA6EFB
:100CE000BA6E002BC2F384622E4608BF7646B2422B
:100CF0000CD1BA6E22F00042BA660A6802EA040316
:100D0000C2F3846E92FAA2F2B2FA82F5FA6EFA6E29
:100D1000002B08BF7546C2F38462AA4231D1FA6E35
:100D200022F00042FA662CE0062202EA960207F15F
:100D30006004D1F800E054F8236005FA02F24FF2A3
:100D40000005C0F2FF3535400EF0F84632432A4325
:100D500042F0004244F823200A698B6954F822606B
:100D600026F08076334344F822300A690B7F54F82A
:100D70002260012B26F0007608BF06F1007644F8C9
:100D80002260BA680C68D20752D1CA68D7F8B0603E
:100D900023466FF31F5326EA030E4FF6FF7602F049
:100DA0001805C0F20F0626FA05F5254045EA0E069D
:100DB0000025C4F27F05AA42C7F8B06038D18BB1D4
:100DC00094FAA4F2B2FA82F2013202F01E03092B65
:100DD00002F01F030FD8012203EB43069A4042EAB8
:100DE000065315E0012202EB946202F01E030A2B67
:100DF00002F01F03EFD303EB43020025CFF620657B
:100E0000012605EB025206FA03F31A4342F000737F
:100E1000C3F34062C3F3045307EB82028E68556943
:100E200007249C40A54306FA03F32B4353610C6847
:100E30000021C8F208010C4200F08380DCF8005069
:100E40000021CCF221318C4205F0E07108BF15F48D
:100E5000000215D00022C4F2293294424AD1002265
:100E6000B2EB116F46D1ACF50272974269D1DCF852
:100E7000002022F0E072114341F080715FE000BF7A
:100E8000ACF5427297425CD1DCF8002022F0E072AF
:100E9000114341F40001CCF8001040F22401C2F2E9
:100EA0000001096842F663528909C0F23E52A1FB73
:100EB00002129109022202EB4101009100990029DE
:100EC0003FD00099013900910099D1B300990139BF
:100ED00000910099A9B3009901390091009981B35B
:100EE000009901390091009900294FF00001E8D1E3
:100EF00028E000BF0022CCF25272944208BF15F4E1
:100F0000800211D0ACF542718F424FF0000119D030
:100F10000022C4F25A72944214D1D7F8C81041F09A
:100F20000101C7F8C8100CE0ACF54272974208D135
:100F3000DCF8002022F0E072114341F48001CCF88B
:100F400000100021002280F85420084601B0F0BDB6
:100F50007047000070470000704700002DE9F0471F
:100F6000056848F200082E68C4F20228D5F804A0EB
:100F7000D8F808730446B0070FD51AF002000CD059
:100F8000A06DC00603D4A06D40F40060A0652046AB
:100F9000FFF7E8FD256802202860700707F01F09A9
:100FA00002D51AF0040004D130074BD51AF008001E
:100FB00048D0204650F8582FD20603D4026842F495
:100FC00000720260EA6812F4406F35D108F5807251
:100FD00095422A4608BF42461346B9F1090F08BF99
:100FE0002B46B9F1050F08BF2B46B9F1000F08BF1A
:100FF0002B46AA4208BF1346DA6892041CD42A681A
:10100000120719D5AA6852070CD46A6822F00C029C
:101010006A60016821F4807101600168C90407D524
:101020000AE000BFA06D40F01000A06504F15C0074
:10103000016841F0010101602046FFF789FF256842
:101040000C202860B00602D51AF0200004D17006EA
:101050002DD51AF040002AD0204650F8582FD2063D
:1010600003D4026842F40052026008F580732946F6
:10107000EF6CEA689D4208BF41460B46B9F1070F85
:1010800008BF2B46B9F1060F08BF2B46B9F1000F78
:1010900008BF2B46A94208BF0B46DB6817F4C07F88
:1010A0006AD02046FFF760FD256860202860300682
:1010B0000CD51AF0800009D0A06D40F48030A065F6
:1010C000204600F089F9256880202860F0050DD5BC
:1010D0001AF480700AD0A06D40F40030A06520465C
:1010E000FFF746FD25684FF480702860B0050DD5E8
:1010F0001AF400700AD0A06D40F48020A06520464C
:10110000FFF738FD25684FF400702860F0061AD507
:101110001AF0100017D0A06B38B1B9F1000F4DD004
:10112000D8F8080310F4604F0BD0A06D40F4806035
:10113000A065E06D40F00200E0652046FFF70CFF7F
:10114000256810202860700558BFBDE8F0871AF4A4
:1011500080600FD0A06D4FF4806140F48040A065A6
:10116000E06D40F00800E06520462960BDE8F047EA
:10117000FFF7FCBCBDE8F087990106D502F4406199
:1011800003F4005289187FF48CAF296849067FF573
:1011900088AF13F400117FF484AFA968090711D454
:1011A000696821F060016960016821F48051016083
:1011B0000168C9053FF575AF0AE000BFE868C007E0
:1011C000B3D1BEE7A06D40F01000A06504F15C0053
:1011D000016841F00101016063E70000B0B582B031
:1011E00000210028019155D0816D39B9044600F0E5
:1011F000F5F820460021E16584F8541002689168F2
:1012000089004FF6C071C5F6FF7102D593680B4097
:1012100093609368DB002ED4936801F180511940EC
:1012200041F08051916040F22401C2F2000109684E
:1012300042F663538909C0F23E53A1FB0313990997
:10124000022303EB410101910199A1B101990139F7
:101250000191019979B1019901390191019951B136
:10126000019901390191019929B10199013901913E
:1012700001990029EAD19168C90011D4816D4FF01C
:10128000010E41F010018165C16D41F00101C165A0
:1012900008E000BF4FF0010E704602B0B0BD00BFC5
:1012A0004FF0000E9368846D03F0040304F0100403
:1012B0001B19836D72D123F48173023383659368A4
:1012C000DB071AD148F2083C4FF600544FF6006392
:1012D000C4F2022CCFF6FF74CFF6FF735CF8044023
:1012E0005CF803302343DB0707D14368DCF8004098
:1012F00024F47C142343CCF80030437E846BD0E983
:1013000002C144EA433390F82040194341EA0C01FA
:1013100041EA0443012C06D1416A0024CFF6FE7451
:1013200004EB41410B43846A24B1C16A04F478742C
:1013300021430B43D16844F20704CFF6F0742140F7
:101340001943D1601169036B21F0406119431161A8
:10135000916809072DD490F83430017E5B0090F835
:101360003CC043EA8131D36844F20204A3431943E9
:10137000D1601369BCF1010F18D140F2FD7123EA6D
:10138000010CD0E91034D0E9121543EA0C032343D1
:101390001943294341F001030AE000BF43F0100262
:1013A0004FF0010E8265704602B0B0BD23F001031C
:1013B00013610169136B012923F00F0302BFC16997
:1013C00001390B431363826D012161F301028265D0
:1013D000704602B0B0BD00007047000070B5D4B0D8
:1013E00004466846002600250830C8215396CDE9FA
:1013F0005166CDE94F66C4F20225FFF7B1F82068C7
:1014000005F50041884201D054B070BD4FF4001082
:1014100000906846019602F0D7FA002818BFFFF73F
:1014200097FB40F68C40C4F202400168002641F46C
:1014300080610160016801F4806134913499016830
:1014400041F00101016000684FA900F001003490F3
:1014500034980320CDE94F002846519600F0A8FFAC
:101460002120CDE934064FF40020CDE939060120D2
:1014700040F2EC11CDE93D0034A8C2F20001CDE903
:10148000366638963B964596CDE93F66CDE941668E
:10149000439600F003F9002818BFFFF759FB40F20C
:1014A000D41040F2EC12C2F20000C2F2000200219D
:1014B00000F0E6FB002818BFFFF74AFB40F2D4100B
:1014C000C2F2000000F0EEFC002818BFFFF740FB5E
:1014D00040F23C405021C2F20000C4F2020101601F
:1014E00000218122C0E90E11C0E91011826400F0D0
:1014F0003BFA002818BFFFF72BFB40F23C45C2F235
:10150000000540F2D411C2F20001284600F04EFC62
:10151000002818BFFFF71CFB284610212565EC6545
:1015200000F0B8FD002818BFFFF712FB25200021AE
:10153000002201F0A9F8252001F094F854B070BD04
:101540002DE9F0419CB048F20017C4F20227D7F809
:1015500008320668B668760703D490F85460012E06
:1015600004D102201CB0BDE8F08100BF03F01F04CD
:101570000123092C80F8543056D8A34040F221268C
:10158000334251D0884615460646FFF7C7F838B1B2
:10159000002086F8540001201CB0BDE8F08100BF97
:1015A0003168B06D40F601739843324600F58070A3
:1015B000B0650CB1B94203D0906D20F480109065F5
:1015C000906D40F29964C0044FF0000044BFD06DAC
:1015D00020F00600D065106DC0F6000440F21577CB
:1015E000046640F2FD64C0F60007C0F600044FF048
:1015F000000CC0E919741C270F6082F854C04A68B7
:101600002B4642F010024A60CA6842F00102CA60EA
:1016100090F8502012060FD48269012A1ED0022AA7
:1016200008BF9D001BE000BF002180F8541001207E
:101630001CB0BDE8F08100BF406F0028ABD001684E
:101640000029A8D001A800F0E3F80028A3D107984A
:10165000012815D0022808BFAD0012E05D0040311E
:1016600042462B4600F008FE31684FF6C0738A6888
:10167000C7F6FF731A4004328A601CB0BDE8F081DF
:101680006D003146086D0968426F40311268C2E949
:101690000251C2F8108000F091FCE5E700284FF0FD
:1016A000010218BF002901D110467047B0B5D0E93A
:1016B00004C2C369D0F818E01A43C36B1A4342EA64
:1016C0000C0242EA0E020A6003789B0616D5D0E9A6
:1016D00009C34FF07C75D0F82CE0846B05EB035305
:1016E0004FF47C7505EB0C1503F07C7344EA0E0493
:1016F00005F47C7523432B431A430A604268036B4D
:1017000040F2FF252A401A434A60C368B3F5007FC0
:1017100005D0B3F5806F04D10578AD0601D51A4325
:101720004A60436B1A434A60436C43B1856C046C56
:1017300005F03F0544EA05452A431A434A60B0F8DC
:10174000683040F2000C8B600278C0F2FF7C920798
:1017500022D5C56C4FF080540CEB054505EA0C050D
:101760002B438B60056D04EAD5054FF000542B44E4
:101770008B60456D04EA95054FF080442B448B60E7
:10178000856D04EA55052B448B60C56DB5F1FF3FAF
:10179000DCBF03F100438B60036ECB60436E0B61D3
:1017A00003789B0702D4142323E000BF036D0CF1E0
:1017B000C052002B48BF5B426FF35F334B61456DF6
:1017C0002C04002D48BF05FB02F422401A434A6155
:1017D000836D0CF17844002B48BF5B429AB28A615A
:1017E000C36D1D04002B48BF03FB04F52A431C23D3
:1017F0008A610022CA50006883074FF4E06358BF33
:101800004FF4A06318430862BDE8B040104670472B
:1018100000284FF0010218BF002901D1104670477F
:1018200091F820C042F20002C0F800C00B68C0F678
:10183000004203F0080303610B6803F400234361D3
:101840000B6803F0030383610B6803F44033C36147
:101850000B68C3F30513013343620B68C3F30553ED
:10186000013383620B6803F04023C3620B681A40A4
:1018700082630A6802F4C052C2634B689A0509D4B5
:10188000DAB242604A79520754BF00224FF48062B4
:1018900003E000BF4FF400724260C2604A685FEA32
:1018A0008C7302F4006282604A6802F4404202646F
:1018B0004A6802F040724264CA8802F03F028264C1
:1018C0004A6802F0404202630A8982660CD401220F
:1018D000C264CA680266096900224166C0E914222E
:1018E000C0E916221046704780B54A896FF3DF229F
:1018F0000132C264CA6802660A6942664B696FF3C4
:101900005F330365B1F816C06FF35F3CC0F854C095
:10191000D1F808E05FEACE0203D55A420265D1F859
:1019200008E05FEA8E0244BFCCF100024265B1F8E4
:1019300018E0C0F858E08A694FEA124CC0F85CC061
:101940008A68530003D5CEF1000282658A68B2F13D
:10195000FF3FBDE88040C4BF00207047CCF10001CC
:10196000C165002070470000B0B5044600F0EAFDF4
:10197000002C04BF0120B0BD00210546206884F87A
:101980004C10022184F85410416941F00601416174
:1019900020684169C9070BD000F0D4FD401B052821
:1019A000F6D9012003221021A16584F85420B0BD8E
:1019B000D4E90E124F23C5F20203984242EA010213
:1019C00040F24F31C5F202011CDC41F24F03C4F278
:1019D0000203984232DC40F24F23C4F202039842E1
:1019E0005ADC40F24F13C4F20203984200F3948091
:1019F0005023C4F20203984200F0E880D023C4F2DE
:101A00000203E1E041F24F03C5F2020398422DDCEC
:101A100040F24F23C5F2020398424FDC40F24F13CD
:101A2000C5F20203984200F383805023C5F20203FB
:101A3000984200F0CB80D023C4E000BF41F24F2396
:101A4000C4F20203984245DC41F24F13C4F2020390
:101A5000984277DC41F25003C4F20203984200F04E
:101A6000B58041F2D003C4F20203ADE041F24F234E
:101A7000C5F2020398423FDC41F24F13C5F2020364
:101A800098426BDC41F25003C5F20203984200F029
:101A90009D8041F2D00395E040F24F33C4F202033F
:101AA000984265DC40F25023C4F20203984200F0F1
:101AB0008D8040F2D023C4F2020385E0884263DCCB
:101AC00040F25023C5F20203984200F07F8040F2BA
:101AD000D02377E041F24F33C4F2020398425DDC39
:101AE00041F25023C4F2020398426FD041F2D02356
:101AF000C4F2020368E000BF41F24F33C5F20203B3
:101B0000984257DC41F25023C5F2020398425DD05F
:101B100041F2D02356E000BF40F25013C4F202035A
:101B2000984253D040F2D013C4F202034CE000BFFD
:101B300040F25013C5F20203984247D040F2D0134E
:101B400040E000BF41F25013C4F2020398423DD07E
:101B500041F2D013C4F2020336E000BF41F2501349
:101B6000C5F20203984231D041F2D0132AE000BFFF
:101B700040F25033C4F20203984227D040F2D033EF
:101B8000C4F2020320E000BF40F25033C5F202036A
:101B900098421BD040F2D03314E000BF41F25033E2
:101BA000C4F20203984211D041F2D033C4F20203CE
:101BB0000AE000BF41F2D033C5F20203984205D0DB
:101BC00041F25033C5F20203984201D1236C1A430B
:101BD0004369884223F4430342EA030242614FF01F
:101BE00000020264636C43648264C264026511DCB7
:101BF00041F24F31C4F2020188421BDC40F2503105
:101C0000C4F2020188422DD040F2D031C4F2020168
:101C100026E000BF41F24F31C5F20201884215DCD7
:101C200040F25031C5F2020188421BD040F2D0315F
:101C300014E000BF41F25031C4F20201884211D0D9
:101C400041F2D031C4F202010AE000BF41F2D031CA
:101C5000C5F20201884205D041F25031C5F20201BD
:101C6000884202D10021416581650021C167A06CD5
:101C7000012220650020A16584F85420B0BD000039
:101C800000284FF0010318BF002A01D11846704701
:101C90004369012B04D104210123016118467047D7
:101CA0002DE9F04186B0036842EA01070E461F4362
:101CB000002908BF1646002B18BF1E467740B7F50F
:101CC000803F09D253B193F8206051B191F8207050
:101CD000BE4206D028E000BF052126E029B191F8D8
:101CE000206092F82070BE421ED1022707730027A1
:101CF0000761176A00247E08CFF6010466F3596471
:101D000007F0020766F39A6407F10505A3B1E9B18C
:101D1000904601AA019506460F46FEF729FEE8B156
:101D20000620306102E000BF04210161012306B0FA
:101D3000BDE8F04118467047E1B14FF6FC731A4018
:101D40002243016041F82520022124E04FF6FC7176
:101D50001940214342F8251002601AE00399B26845
:101D6000304691420AD1416861B14FF6FC72114090
:101D7000214305E0026001210DE000BF57F8251066
:101D800048F825104FF6FC7101EA0801214347F895
:101D900025108168013181600023012103610173F5
:101DA00006B0BDE8F04118467047000000284FF02B
:101DB000010218BF002901D110467047D0F850C069
:101DC000BCF1000FF8D090F8543090F85420022A5B
:101DD00018BF052B06D140218165002180F84C10E9
:101DE000012070470A7B022A04D101220A611046B1
:101DF000704700BF036840F24F32C5F202029342BF
:101E000010DC41F24F32C4F2020293421ADC40F27B
:101E10005032C4F2020293422CD040F2D032C4F2CB
:101E2000020225E041F24F32C5F20202934215DC74
:101E300040F25032C5F2020293421BD040F2D0323F
:101E400014E000BF41F25032C4F20202934211D0BA
:101E500041F2D032C4F202020AE000BF41F2503235
:101E6000C5F20202934205D041F2D032C5F202021D
:101E700093420DD14B68BCF1810F03D123B141676F
:101E800000207047002BFAD0042008610120704721
:101E90000A6892F820209207ECD5032008610120FF
:101EA00070470000002804BF01207047016839B165
:101EB00042684AB18A4204BF0020704707E000BF71
:101EC00002210161012070474269012A04D10421E5
:101ED00001610120704700BFF0B5022202730022A9
:101EE00002610A6A40F2000E5308CFF6010E63F356
:101EF000596E02F00202856863F39A6E531D4FF625
:101F0000FC72002D01EA020C47D0012D02D165467A
:101F100043E000BF4FF6FF726E1EAC1E21EA0202C4
:101F2000032C06F0030401D265461EE026F00306EA
:101F30004FF6FC77654600BF154355F82350043E25
:101F400005EA070545EA020555F8235005EA0705A5
:101F500045EA020555F8235005EA070545EA02055A
:101F600055F8235005EA0705E6D1B4B1154355F8F5
:101F700023504FF6FC76012C05EA06050DD01543DB
:101F800055F82350022C05EA060506D02A4352F8DC
:101F900023204FF6FC7402EA04054FF6FF7221EA93
:101FA00002022A434EEA0C074160002142F82370E6
:101FB0000161012101730020F0BD000000285DD007
:101FC000436F002B5AD0016D002957D080B590F88F
:101FD0005410D0F800E00129DEF814C004D0022922
:101FE0004ED11CF480314BD090F8541001293AD1D5
:101FF00090F84C1001294FF002013BD0012280F8EB
:102000004C2080F854101973002181651961DEF8A5
:10201000141041F4BA41CEF81410416E29B1DEF823
:10202000141041F40071CEF81410006F28B1DEF8DE
:10203000140040F40050CEF8140018680022016A21
:10204000CFF60102490861F3596261F39A624FF6D3
:10205000FF7120EA0101CEF800104FF6FC71084034
:102060001044CEF87C00DEF81400002140F001009E
:10207000CEF81400BDE88040084670470120704744
:1020800040218165002180F84C100121BDE880408D
:1020900008467047024600284FF0010008BF70470D
:1020A000CB0612D5136840F6FF7223EA020203F54D
:1020B0007B63C3F3C41301F01101984011295168E7
:1020C00014BF21EA00000843506000207047000060
:1020D00010B504680C23214604F57B6263F30B0101
:1020E000C2F3C4120968D140C9074BD02169490520
:1020F00044BF61695FEA415146D42169090544BF83
:1021000061695FEA015147D42169C90444BF61692B
:102110005FEAC14148D42169490444BF61695FEA6B
:10212000414149D42169890544BF61695FEA815110
:102130004AD42169890444BF61695FEA81414FD46F
:102140002169C90544BF61695FEAC15164D4816DE9
:10215000C1B101684A6942F002024A61012180F876
:10216000541090F85020120644BF426F1173816ED4
:102170000022002980F84C2008BF10BDBDE81040A7
:10218000084700BF10BD00BF4FF48061E160816D62
:1021900041F001018165B0E74FF40061E160816DBC
:1021A00041F002018165AFE74FF48051E160816D3C
:1021B00041F004018165AEE74FF48041E160816D3B
:1021C00041F008018165ADE74FF40071E160426EB6
:1021D000002AAED00446904720462468A9E700BFF5
:1021E0004FF40051E16090F8541004291ED1616948
:1021F000012221F400516161616941F002016161D4
:1022000080F8542090F85010090603D5416F0A73E6
:102210000021A164C16EABE790F85010090611D4FB
:10222000A16CD9B900F1540216E000BF052180F875
:102230005410026F002A3FF483AF044690472046B3
:1022400024687DE7E16F49B9A16C39B9012180F8B3
:102250005410416F01F10C02012111704FF44071D3
:10226000E160016E0022002980F84C203FF46FAF3E
:102270000446884720466AE720B1D0F850C0BCF138
:10228000000F01D00120704790F84CC0BCF1010F45
:1022900004BF022070474FF0010C80F84CC090F84A
:1022A00054C0BCF1010F39D110B54FF0020C80F8C9
:1022B00054C04FF0000CC0F858C0D0F800C0D0F89F
:1022C00064E0DCF84840BEF1000FC3EA0403CCF838
:1022D00048304FF4FE43CCF80C30CCF84C10CCF81E
:1022E0005020DCF8141041F4BA41CCF8141005D099
:1022F000DCF8141041F40071CCF81410006F28B110
:10230000DCF8140040F40050CCF81400DCF81400A1
:1023100040F00100CCF81400002010BD4021816580
:10232000002180F84C1001207047000000280EBFEB
:102330000120016000207047F0B581B004460068BC
:10234000082202EA503542F20C07C4F2024700F0BC
:102350001F01012057F8252000FA01F6164205D08A
:1023600047F825606068002818BF8047381D50F87E
:102370002510314208D040F82560A06820B101B096
:10238000BDE8F040004700BF01B0F0BD022906D013
:10239000012909D000291CBF012070474260082193
:1023A00042500020704700BF042142500020704777
:1023B0000A68002A08BF70472DE9F04F83B000F18A
:1023C0002003019347F67F73C0F22F0303EA9023A3
:1023D0004FF0000A4FF0010B00274FF0000C0025D2
:1023E00000930BE00A68013532FA05F30CF1040C96
:1023F00007F102070AF1080A00F09A800BFA05F9C2
:1024000012EA0902EED0D1F80480029248F01006D8
:10241000122E1BD16FF0030202EA5506DDF804B05C
:102420000CF01C025BF80640D1F810800F2303FA71
:1024300002FE08F00F0324EA0E0403FA02F222431C
:102440004BF80620D1F804804FF0010B02680323FB
:10245000BB4008F0030EDC439A430EFA07F31A431D
:10246000B8F1120F02605BD80BFA08F212F0061FE7
:1024700056D08368D1E902262340BE4033438360AF
:1024800043684FEA181623EA0903AE40334343601A
:10249000C368BA4023401A43C260029C5FEAC80284
:1024A000A0D542F2000E25F00302C4F2024E72449F
:1024B000D2F860800AF018060F23B34028EA030818
:1024C000009B03FA06F648EA06031366DEF800806E
:1024D0004B6848EA0406DA0258BF28EA0406CEF838
:1024E0000060DEF804809A0248EA040658BF28EA31
:1024F0000406CEF80460DEF884809A0348EA0406F5
:1025000058BF28EA0406CEF88460DEF88020DB039A
:1025100042EA040658BF22EA0406CEF8806061E76A
:102520008A68BEF1030F08BF012AB1D1B5E700BF29
:1025300003B0BDE8F04F70471823002A08BF2823D6
:10254000C150704740F6CC00C2F2000000687047EE
:1025500040F2000040F6CC01C2F20000C2F20001DD
:1025600000780A68104408607047000080B50320B6
:1025700000F0B6F802F000F940F62041C4F2024142
:1025800009684AF6443201F00F01C0F60002515CBE
:10259000C84040F22401C2F200010860042003F0A8
:1025A00097F90F2000F008F800281CBF012080BD1B
:1025B00000F056F8002080BDB0B540F20005C2F230
:1025C00000052978E1B304464EF21000CEF2000077
:1025D0000068400710D403F0C9F9022824D001286C
:1025E0001AD078BB40F22400C2F2000000682978BB
:1025F0004FF4FA5207E000BF40F22400C2F200009C
:1026000000684FF47A72B2FBF1F1B0FBF1F003F025
:102610009BF9A8B91BE000BF28784FF47A71B1FB91
:10262000F0F04FF4FA4106E028784FF47A71B1FBEC
:10263000F0F04FF40041B1FBF0F003F085F930B158
:102640000120B0BD002003F07FF90028F8D14FF041
:10265000FF302146002200F017F800206C60B0BD6A
:1026600070470000002848BF704700F01F0101229A
:10267000C0F34A1002FA01F14EF20012CEF200024B
:1026800042F820107047000010B54EF60C5CCEF2F8
:10269000000CDCF80030C3F3022E8EF00704042C8B
:1026A00028BF0424BEF103034FF0FF3E38BF0023D0
:1026B0000EFA04F4A14399400EFA03F39A4311432E
:1026C00000F00F0200F160430901043A03F564438E
:1026D0006244002848BF02F10C03197010BD0000CD
:1026E0004EF60C51CEF200010A684FF6FF031A4075
:1026F00060F30A2242F0806040F0FD70086070478D
:1027000001220168C0F8D822002280F8CC22486D4E
:1027100040F001004865486D40F0020200204A6523
:1027200070470000002804BF01207047F0B581B059
:10273000044690F8950228B9002084F894022046B7
:1027400000F01CF9032084F89502206804F080FB57
:1027500094E80F00267C009604F04EFB002840F021
:10276000F4802068002104F07DFB002840F0ED801B
:1027700094F804E0BEF1000F00F0E0800EF0030CCE
:10278000BEF1040F4FF0000238D30EF0FC03A4F1A9
:10279000A0000321012500BFCE1E80F8B4608E1E6C
:1027A00080F8DC604E1E80F8046180F82C110E1D4C
:1027B000013180F8B55080F8B720C0E93122C0F867
:1027C000CC2080F8DD5080F8DF20C0E93B22C0F843
:1027D000F42080F8055180F80721C0E94522C0F8AF
:1027E0001C2180F82D5180F82F21C0E94F22C0F81C
:1027F0004421A03099423146CED1F21EBCF1000FE7
:102800002ED002EB820104F1140000EBC10501237C
:1028100000F831200021BCF1010F6B70E970C5E9AF
:102820000411A9611CD0551C05EB8506BCF1020FF3
:1028300000EBC60700F836507B70F970C7E9041149
:10284000B9610DD0911C01EB8102012500EBC2039F
:1028500000F8321000205D70D870C3E90400986160
:10286000BEF1000F6AD0BEF1040F4FF0000235D365
:102870000EF0FC0003212346CF1E83F854718F1EF7
:1028800083F87C714F1E83F8CC110D1D013183F844
:10289000552183F85721C3E95922C3F86C2183F8E5
:1028A0007D2183F87F21C3E96322C3F8942183F853
:1028B000A52183F8A47183F8A721C3E96D22C3F889
:1028C000BC2183F8CD2183F8CF21C3E97722C3F857
:1028D000E421A03381422946CED1EA1EBCF1000F8B
:1028E0002CD002EB820304F5AA7000EBC307002191
:1028F000BCF1010F797000F83320F970C7E90411B9
:10290000B9611BD0531C03EB8307BCF1020F00EB32
:10291000C70600F837307170F170C6E90411B16173
:102920000CD0911C01EB8102002700EBC20300F8E0
:1029300032105F70DF70C3E904779F6194E80F0085
:10294000277C009704F074FA30B1022084F89502D5
:10295000012001B0F0BD00BF00206074012084F8A8
:102960009502207B012804BF2046FFF7C9FE20689E
:1029700004F056FA002001B0F0BD000010B5B6B06A
:10298000044602A80830C821FDF7EAFD206846F297
:102990000001C4F20101884202D036B010BD00BF70
:1029A00010200390002002903020339002A801F004
:1029B0000BF8002818BFFEF7CBF800F017F840F628
:1029C000A440C4F202400168002241F0807101601D
:1029D0000068002100F08070019001984A20FFF704
:1029E00053FE4A20FFF73EFE36B010BD40F63800D9
:1029F000C4F20240016841F00071016070470000BC
:102A000010B540F6284CC4F2024CDCF80CE0DCF8BF
:102A10000010DCF80020C2F30523DCF80020DCF80D
:102A20001040DBB3E408D20604EAE27201F00301CD
:102A30006FF35F3200EE102A0329B8EE400A6FF3FD
:102A40005F2E37D002292FD001295CF8281C49F2CB
:102A50000002C1F3C101C0F2D03222FA01F101EE4D
:102A6000101A02EE103AB8EE411AB8EE422A9FED63
:102A70004F3A81EE021A02EE10EA20EE030AB8EE97
:102A8000422A30EE020AB7EE002A30EE022A5CF843
:102A9000281C22EE010A89012CD527E00021C0E97B
:102AA0000011816010BD00BF01EE103A9FED402A79
:102AB00004E000BF01EE103A9FED3B2AB8EE411A48
:102AC00082EE012A01EE10EA9FED383AB8EE411A83
:102AD00020EE030A30EE010AB7EE001A30EE011ABA
:102AE0005CF8281C22EE010A890103D5DCF80010ED
:102AF000C90307D4002101605CF8281C890118D49F
:102B00001BE000BFDCF80C10B7EE002AC1F3462131
:102B100001EE101AB8EE411A31EE021A80EE011AD7
:102B2000BCEEC11A11EE101A01605CF8281C890174
:102B300003D5DCF80010890302D4002112E000BFA5
:102B4000DCF80C10B7EE002AC1F3064101EE101AB2
:102B5000B8EE411A31EE021A80EE011ABCEEC11A2B
:102B600011EE101A41605CF8281C890144BFDCF8A2
:102B700000105FEA413103D40021816010BD00BF25
:102B8000DCF80C10B7EE002AC1F3066101EE101A52
:102B9000B8EE411A31EE021A80EE010ABCEEC00A0C
:102BA00010EE101A816010BD20BCBE4B0000003931
:102BB0000024744A10B540F62C4CC4F2024CDCF8E8
:102BC00010E0DCF80010DCF80020C2F30523DCF88C
:102BD0000020DCF81440DBB3E408D20604EAE27219
:102BE00001F003016FF35F3200EE102A0329B8EE03
:102BF000400A6FF35F2E37D002292FD001295CF8ED
:102C00002C1C49F20002C1F3C101C0F2D03222FAF9
:102C100001F101EE101A02EE103AB8EE411AB8EEC8
:102C2000422A9FED4F3A81EE021A02EE10EA20EEA0
:102C3000030AB8EE422A30EE020AB7EE002A30EE5E
:102C4000022A5CF82C1C22EE010A09012CD527E08F
:102C50000021C0E90011816010BD00BF01EE103AF3
:102C60009FED402A04E000BF01EE103A9FED3B2AA1
:102C7000B8EE411A82EE012A01EE10EA9FED383AD1
:102C8000B8EE411A20EE030A30EE010AB7EE001A40
:102C900030EE011A5CF82C1C22EE010A090103D562
:102CA000DCF80010C90307D4002101605CF82C1C7B
:102CB000090118D41BE000BFDCF81010B7EE002AA1
:102CC000C1F3462101EE101AB8EE411A31EE021A94
:102CD00080EE011ABCEEC11A11EE101A01605CF808
:102CE0002C1C090103D5DCF80010890302D4002153
:102CF00012E000BFDCF81010B7EE002AC1F3064165
:102D000001EE101AB8EE411A31EE021A80EE011AE5
:102D1000BCEEC11A11EE101A41605CF82C1C0901BE
:102D200044BFDCF800105FEA413103D40021816028
:102D300010BD00BFDCF81010B7EE002AC1F3066129
:102D400001EE101AB8EE411A31EE021A80EE010AB5
:102D5000BCEEC00A10EE101A816010BD20BCBE4B44
:102D6000000000390024744A10B540F6304CC4F21B
:102D7000024CDCF814E0DCF80010DCF80020C2F3B0
:102D80000523DCF80020DCF81840DBB3E408D206A9
:102D900004EAE27201F003016FF35F3200EE102AE1
:102DA0000329B8EE400A6FF35F2E37D002292FD0E7
:102DB00001295CF8301C49F20002C1F3C101C0F2E4
:102DC000D03222FA01F101EE101A02EE103AB8EEFA
:102DD000411AB8EE422A9FED4F3A81EE021A02EEF6
:102DE00010EA20EE030AB8EE422A30EE020AB7EEED
:102DF000002A30EE022A5CF8301C22EE010A89001B
:102E00002CD527E00021C0E90011816010BD00BF72
:102E100001EE103A9FED402A04E000BF01EE103AA7
:102E20009FED3B2AB8EE411A82EE012A01EE10EA2C
:102E30009FED383AB8EE411A20EE030A30EE010A4F
:102E4000B7EE001A30EE011A5CF8301C22EE010ACF
:102E5000890003D5DCF80010C90307D40021016004
:102E60005CF8301C890018D41BE000BFDCF814109B
:102E7000B7EE002AC1F3462101EE101AB8EE411A4E
:102E800031EE021A80EE011ABCEEC11A11EE101AD0
:102E900001605CF8301C890003D5DCF80010890360
:102EA00002D4002112E000BFDCF81410B7EE002AB3
:102EB000C1F3064101EE101AB8EE411A31EE021AC2
:102EC00080EE011ABCEEC11A11EE101A41605CF8D6
:102ED000301C890044BFDCF800105FEA413103D4A4
:102EE0000021816010BD00BFDCF81410B7EE002A8D
:102EF000C1F3066101EE101AB8EE411A31EE021A62
:102F000080EE010ABCEEC00A10EE101A816010BDFE
:102F100020BCBE4B000000390024744A80B584B048
:102F20004FF6FF730246C0F23F0300209B1A70EB7E
:102F30000103C0F2618041F6FF739B1A70EB01033D
:102F4000C0F29080B2F1010E61F1000CDEF11F03BE
:102F50004FF0000373EB0C03C0F0CE81DFE81EF0EE
:102F60002000A6029A03EA019A039A039A034602F2
:102F70009A039A039A039A039A039A039A0376028E
:102F80009A039A039A039A039A039A039A039A0359
:102F90009A039A039A039A039A039A039A031602CE
:102FA00040F60040C4F20240D0F8D81011F00701FA
:102FB00000F000840268012903D112F0006240F0A1
:102FC0001D840268022903D112F0005240F0D3831D
:102FD00003680268032903D113F0020340F0A984B7
:102FE000042903D112F4007240F0D584D0F8F00027
:102FF000052900F063BC00BF6FF040439B1A70EBE3
:1030000001036FDA072940F3CD80B1F5007F80F22C
:10301000218181F00803134300F0EC8281F010015C
:10302000114340F0378340F60040C4F20240D0F82C
:10303000E41001F03001102900F0DA830268202941
:1030400003D112F0005240F09683006810F4005053
:103050001CBF46F60040C0F2DC20302918BF00201B
:1030600018E300BF4FF6FF739B1A4FF0000C7CEB88
:10307000010380F2BB804FF6FF73C0F203039B1A7B
:103080007CEB0103C0F2028182F480330B4300F039
:10309000E58282F40032114340F0FC8240F60040A9
:1030A000C4F20240D0F8DC10C1F30221052900F27D
:1030B000AB83DFE811F0390105037903CD03C303C6
:1030C000070000BFD0F8E810036802689B0701F012
:1030D000404102D5002900F02C84920500F136848D
:1030E00000F037BC6FF078439B1A4FF000038B4120
:1030F00024DB82F480030B4300F0568282F00073DD
:103100000B4300F0F98182F08062114340F0C282EB
:1031100040F60040C4F20240D0F8E810026801F026
:103120003001920440F14C83002940F0498346F677
:103130000040C0F2DC2004B080BD00BF82F000631C
:103140000B4300F03B8282F080530B4300F0068279
:1031500082F00052114340F09D8240F60041C4F2DB
:103160000241D1F8E000C0F38212042A00F24C833D
:1031700048F20000C0F2BB00DFE812F03A03A202FE
:1031800036028C02060000BFD1F8E8200B68086800
:103190009B0702F0404240F10282002A00F0A08327
:1031A000FDE100BF82F080430B4300F0CB8281F051
:1031B0000203134300F08A8281F00401114340F0BE
:1031C000698240F60040C4F20240D0F8E81000687E
:1031D000800301F4407040F10583002840F0028331
:1031E00047F64000C0F27D1004B080BD82F4005369
:1031F0000B4300F0C78282F480430B4300F07E82D1
:1032000082F40042114340F0458240F60040C4F28F
:103210000240D0F8E41001F44011B1F5801F00F035
:10322000C382002900F0808002680068B1F5001FA9
:1032300003D112F0020240F0538310F400701CBF5F
:1032400040F60010C0F23D00B1F5401F18BF00204D
:1032500004B080BD81F40073134300F0E78181F472
:103260008051114340F0168240F60041C4F2024101
:10327000D1F8E40000F04060B0F1806F00F094827B
:10328000002851D00A68B0F1006FF9E182F4802380
:103290000B4300F0018282F40012114340F0FA81E6
:1032A00040F60040C4F20240D0F8E81001F00701F7
:1032B000022900F01D82012900F0DC82002900F0C3
:1032C00011820268032902D112F4003288D1026807
:1032D0000068042903D112F0020240F0018310F4C7
:1032E00000701CBF40F60010C0F23D00052918BF59
:1032F000002004B080BD00BF82F48052114340F032
:10330000C98140F60040C4F20240D0F8E01001F05C
:10331000E061B1F1007F00F02E82B1F1807F00F01A
:103320006D82002940F0B88204B0BDE8804001F011
:10333000FFB900BF40F60040C4F20240D0F8D810F8
:1033400011F4E07100F02A820268402903D112F0E2
:10335000006240F053820268802903D112F00052CB
:1033600040F0098203680268C02903D113F0020308
:1033700040F0DF82B1F5807F03D112F4007240F09B
:103380000A83D0F8F000B1F5A07F97E240F6004044
:10339000C4F20240D0F8D81011F4603100F0FE8180
:1033A0000268B1F5004F03D112F0006240F02682AE
:1033B0000268B1F5803F03D112F0005240F0DB818A
:1033C00003680268B1F5C03F03D113F0020340F077
:1033D000B082B1F5003F03D112F4007240F0DB82FD
:1033E000D0F8F000B1F5203F68E200BF40F60040A1
:1033F000C4F20240D0F8D81011F4606100F0CE8120
:103400000268B1F5007F03D112F0006240F0F6814E
:103410000268B1F5806F03D112F0005240F0AB8129
:1034200003680268B1F5C06F03D113F0020340F0E6
:103430008082B1F5006F03D112F4007240F0AB82CC
:10344000D0F8F000B1F5206F38E200BF40F6004040
:10345000C4F20240D0F8D81011F4E04100F09E818F
:103460000268B1F5805F03D112F0006240F0C681BE
:103470000268B1F5005F03D112F0005240F07B8189
:1034800003680268B1F5405F03D113F0020340F016
:103490005082B1F5804F03D112F4007240F07B826C
:1034A000D0F8F000B1F5A04F08E200BF40F60040B0
:1034B000C4F20240D0F8D81011F0380100F06E814B
:1034C0000268082903D112F0006240F097811029A8
:1034D00000F0518103680268182903D113F0020338
:1034E00040F02782202903D112F4007240F0538269
:1034F000D0F8F0002829E1E140F60041C4F2024191
:10350000D1F8F000D1F8F020920700F4407203D512
:10351000B2F5807F00F06181D1F8F000000103D5A1
:10352000B2F5007F00F07D80086880034FF0000056
:1035300040F1B080B2F5407F40F0AC80C86910F433
:10354000785F00F06181C86947F64001C0F305204B
:10355000C0F27D11B1FBF0F004B080BD40F6004137
:10356000C4F20241D1F8E000C0F3C202042A00F222
:103570004B8148F20000C0F2BB00DFE812F03901D5
:10358000A10035008B000500D1F8E8200B68086821
:103590009B0702F0404202D5002A00F0A18180057D
:1035A00000F1F681FEE100BF40F60040C4F20240A7
:1035B000D0F8E400400640F11B8199E040F600415C
:1035C000C4F20241D1F8E00000F00702042A00F240
:1035D0001B8148F20000C0F2BB00DFE812F00901D5
:1035E000710005005B00770101A8FFF7BDFB0198A2
:1035F00004B080BD40F60040C4F20240D0F8E810AC
:10360000D0F8F02001F0C001920702D5002900F0A7
:10361000E480D0F8F020120140F12281402940F0EE
:103620001F814FF4FA4004B080BD00BF40F6004156
:10363000C4F20241D1F8E800D1F8F02000F008000F
:10364000920702D5002800F0C880D1F8F0100028B9
:1036500018BF4FF4FA4001F00061AFE140F60041BD
:10366000C4F20241D1F8E40000F04070B0F1807F74
:1036700000F09A80002800F091800A68B0F1007F85
:103680004FF0000006D112F0020203D00868C0F328
:10369000C10050E104B080BD40F60040C4F20240D9
:1036A000D0F8DC10C1F30231052900F2AD80DFE86B
:1036B00011F0750007007B00CF00C500370100BF87
:1036C00001A8FFF777FA019804B080BD40F60040EA
:1036D000C4F20240D0F8E41001F00301DFE801F089
:1036E000028808D004B0BDE8804000F0C1BF00BF30
:1036F00001A8FFF75FFA039804B080BD40F60040D0
:10370000C4F20240D0F8E41001F44021B1F5802F5A
:103710004AD0002942D002680068B1F5002F03D1D9
:1037200012F0020240F0DC8010F400701CBF40F682
:103730000010C0F23D00B1F5402F18BF002004B0CA
:1037400080BD00BF40F60040C4F20240D0F8E01057
:1037500011F460612ED00268B1F5007F02D112F041
:1037600000624BD10268B1F5806F40F0BD8012F06D
:10377000005200F0B98001A8FFF7F6FA029804B0F1
:1037800080BD00BF40F60040C4F20240D0F8E41013
:1037900001F44031B1F5803F06D0C9BB04B0BDE8AB
:1037A000804000F07DBF00BF01A8FFF7DDFA03985D
:1037B00004B080BD04B0BDE8804000F095BF00BFFC
:1037C0000268920101D5102912D0D0F8F02092079A
:1037D00040F1CC80202940F0C9804FF4004004B073
:1037E00080BD00BFB0F5007F08D0B0F5807F0BD161
:1037F00001A8FFF705F9029804B080BD01A8FFF702
:10380000D9F9029804B080BD002004B080BD00BF8B
:1038100002680068B1F5003F02D112F002025FD1E8
:1038200010F400701CBF40F60010C0F23D00B1F56E
:10383000403F18BF002004B080BD00BFD0F8F000AA
:103840004FF4FA41000101EAE07004B080BD00BF0E
:10385000D0F8F0004FF4004101EA803004B080BDA0
:103860000068802900F400724FF0000008BF48F2A1
:10387000120085E004B0BDE8804000F07DBF00BFCD
:10388000D0F8E810036802689B0701F040415BD55F
:1038900000294ED058E000BF03680268B1F1407FB4
:1038A00002D113F0020344D1B1F1806F02D112F4BE
:1038B000007270D1D0F8F000B1F1A06F00F00202F8
:1038C0004FF0000008BF900304B080BDD1F8E8209D
:1038D0000B6808689B0702F0404257D5002A55D173
:1038E000C0F3C10027E000BF03680268B1F5C06FF4
:1038F00002D113F002031CD1B1F5006F02D112F412
:10390000007248D1006810F400301CBF47F6400038
:10391000C0F27D10B1F5206F18BF002004B080BD4B
:10392000D0F8E810036802689B0701F040410BD50E
:1039300051B9C2F3C10049F20001C0F2D03121FAFD
:1039400000F004B080BD00BF920502D5B1F1804FF8
:1039500021D00068B1F1004F00F400324FF00000B8
:1039600004BF47F64000C0F27D1009E0D0F8F00037
:10397000302900F000624FF0000008BF4FF4FA4019
:10398000002A08BF104604B080BD00BF800509D5DD
:10399000B2F1804F06D140F60010C0F23D0004B0F5
:1039A00080BD00BF0868B2F1004F00F400314FF055
:1039B000000004BF47F64000C0F27D10002908BF98
:1039C000084604B080BD00002DE9F04704460068B9
:1039D00040F62848C101C4F2024807D5D8F8C01003
:1039E000A26D21F040411143C8F8C010C00712D0A9
:1039F000E06D052800F25482DFE810F00600B40400
:103A0000EA01060006000600D8F8B01021F0070110
:103A10000843C8F8B00000252078800702D4284663
:103A20001BE000BF206E4FEAF001052900F23A8248
:103A30002846DFE811F00700A304D70107000700BC
:103A4000070000BF064648B9D8F8B000216E20F044
:103A500038000843C8F8B00000202E4621784907F6
:103A600019D5616E4FEAB111052900F22382DFE812
:103A700011F007008B04BF0107000700070000BF1B
:103A8000054648B9D8F8B000616E20F4E0700843EC
:103A9000C8F8B000002035462178090719D5A16E75
:103AA0004FEA7121052900F20D82DFE811F00700CD
:103AB0007304A70107000700070000BF064648B9C6
:103AC000D8F8B000A16E20F460600843C8F8B000D8
:103AD00000202E462178C90619D5E16E4FEA313112
:103AE000052900F2F781DFE811F007005B048F0180
:103AF00007000700070000BF054648B9D8F8B00026
:103B0000E16E20F4E0400843C8F8B00000203546DC
:103B10002178890619D5216F4FEAF131052900F284
:103B2000E181DFE811F00700430477010700070097
:103B3000070000BF064648B9D8F8B000216F20F44E
:103B400060300843C8F8B00000202E466178C906EE
:103B500019D5616F4FEA3161052900F2CB81DFE8A9
:103B600011F007002B045F0107000700070000BFEA
:103B7000054648B9D8F8B800616F20F0E060084306
:103B8000C8F8B80000203546617889061AD5A16FBB
:103B90006FF0010202EB3142022A08D34FEA3141B1
:103BA00029B101292ED104F1300002F07BFA06463A
:103BB00048B9D8F8BC00A16F20F440300843C8F8D9
:103BC000BC0000202E466178490620D5E16F6FF0D9
:103BD000010202EBB142022A08D34FEAB14129B1F6
:103BE000012937D104F1300002F05CFA054678B9BA
:103BF000D8F8BC00E16F20F440200843C8F8BC00AE
:103C0000002004E00120012661784906DED4354613
:103C10006178090623D5D4F880106FF0010202EB19
:103C20003152022A08D34FEA315129B1012939D141
:103C300004F1300002F036FA064688B9D8F8BC0024
:103C4000D4F8801020F440100843C8F8BC000020CD
:103C500005E000BF0120012561780906DBD42E466E
:103C6000A178C90723D0D4F88410002918BFB1F176
:103C7000007F0DD10746D8B9D8F8BC00D4F884101D
:103C800020F040700843C8F8BC0000200FE000BFDF
:103C9000B1F1807F30D104F1300002F003FA074621
:103CA00030B9E9E701200126A178C907DBD1374601
:103CB0006179C90625D5D4F88810002918BFB1F15B
:103CC000006F0DD10546E8B9D8F8BC00D4F88810CB
:103CD00020F040600843C8F8BC00002011E000BF9D
:103CE000B1F1806F40F0708004F1300002F0DAF939
:103CF000054638B9E8E700BF012001276179C90608
:103D0000D9D43D46D4E9001240F61C47C4F202471C
:103D1000120508D53A6822F400423A60D4F8C82067
:103D20003B681A433A6089031AD5D4F88C104FEADD
:103D30003121052900F2E680DFE811F00600440396
:103D40007800060006000600064650B9D8F8B40010
:103D5000D4F88C1020F4E0600843C8F8B4000020C8
:103D60002E46A17849071BD5D4F890104FEA31317F
:103D7000052900F2CF80DFE811F007002B035F0078
:103D800007000700070000BF054650B9D8F8B40087
:103D9000D4F8901020F4E0400843C8F8B4000020A4
:103DA0003546A17889065ED5D4F8A010052900F221
:103DB000B980022946D0002802464AD0D4E900132F
:103DC0009B0555D4B4E000BF012001259AE700BF50
:103DD00004F1300002F066F9054600287FF41CAEBD
:103DE000C8E200BF04F1300002F05CF92AE600BF2F
:103DF00004F1300002F056F942E600BF04F1300051
:103E000002F050F95AE600BF04F1300002F04AF91E
:103E100072E600BF04F1300002F044F98AE600BF08
:103E200004F1300002F03EF9A2E600BF04F13000D8
:103E300002F038F988E700BF04F1300002F032F9EF
:103E4000A2E700BF04F1080002F0B6F8002802461D
:103E5000B4D1D8F8C000D4F8A01020F0070008436F
:103E6000C8F8C00000202A46D4E900139B055FD59E
:103E7000D4F8A43043F00806082E0BD1814660B96F
:103E8000D8F8C00020F008001843C8F8C00000208F
:103E90004EE000BF01204FF0010989014BD4A6E09C
:103EA0000125B9E501200126217849073FF5D9AD63
:103EB000F1E500BF01200125217809073FF5EFADAD
:103EC00007E600BF012001262178C9063FF505AEAF
:103ED0001DE600BF01200125217889063FF51BAEB4
:103EE00033E600BF012001266178C9063FF531AEF7
:103EF00049E600BF01200125617889063FF547AEFC
:103F000060E600BF01200126A17849073FF52CAFEC
:103F100046E700BF01200125A17889063FF544AF9F
:103F2000A1E700BF01200122D4E900139B059FD423
:103F3000914689015BD54FF60846CFF6FF7682465B
:103F4000B85940F00100B851FEF7FCFA054600BF31
:103F5000B859C00708D1FEF7F5FA401B0228F7D977
:103F60000320032144E000BF5046BAF1000F514640
:103F70003ED1D8F8C80010F4407018D0D4F8BC1066
:103F8000884211D0D8F8C800D8F8C81020F4407082
:103F900041F48031C8F8C810D8F8C81021F4803135
:103FA000C8F8C810C8F8C800C00740F01D82D4F88F
:103FB000BC0039684FF6CF7300F4407221F47C5195
:103FC000C0F2FF0303EA1013B2F5407F08BF1943A4
:103FD0003960D8F8C8106FF31F3021F44071C8F869
:103FE000C810D8F8C8100843C8F8C80000204946CF
:103FF000226853011CD5D4F898306FF0010707EB05
:104000003317022F0AD34FEA33173FB1012F17D1CD
:10401000D8F8007047F40037C8F80070054640B97A
:10402000D8F8C00020F030001843C8F8C0000020C5
:104030000D46510208D42E46E178090714D451E008
:10404000012001255102F6D5D4F89C10402921D039
:1040500091BBD8F8001041F40031C8F800100646B2
:10406000F8B1E17809073DD5D4F8AC10042900F285
:104070005F81DFE811F005003F0127002B002B00D6
:10408000D8F8001041F40031C8F80010054650BBC4
:104090001EE000BF04F1080001F08EFF0028064674
:1040A000DFD1D8F8BC00D4F89C1020F040000843C1
:1040B000C8F8BC000020BEE701200126E17809070E
:1040C000D2D40FE004F1300001F0ECFF054650B906
:1040D000D8F8B800D4F8AC1020F007000843C8F8AE
:1040E000B80000203546E178C90627D5D4F8B010CD
:1040F0004FEAF101042900F21F81DFE811F0050009
:1041000005010F0013001300D8F8001041F400312E
:10411000C8F80010064690B906E000BF04F1300070
:1041200001F0C0FF064650B9D8F8B800D4F8B01076
:1041300020F038000843C8F8B80000202E46E17887
:10414000890627D5D4F8B4104FEAB111042900F23A
:10415000F780DFE811F00500E3000F001300130003
:10416000D8F8001041F40031C8F80010054690B9A5
:1041700006E000BF04F1300001F094FF054650B99D
:10418000D8F8B800D4F8B41020F4E0700843C8F8A8
:10419000B80000203546E17849061BD5D4F8B810A0
:1041A0004FEA7121052900F2D580DFE811F0070000
:1041B0001701CD0007000700070000BF064650B9F1
:1041C000D8F8B800D4F8B81020F460600843C8F8F4
:1041D000B80000202E46217989071BD5D4F8A810F5
:1041E000032900F28380DFE801F00903770900BFAB
:1041F000D8F8001041F40031C8F80010054650B955
:10420000D8F8BC00D4F8A81020F003000843C8F880
:10421000BC00002035462179490721D5D4F89410F7
:1042200059B1B1F5007F0BD0B1F5807F3CD1D8F802
:10423000001041F40031C8F80010064688B905E0C6
:1042400004F1080001F0B8FE064650B9D8F8C000E5
:10425000D4F8941020F440700843C8F8C00000203F
:104260002E462179C90624D5D4F8C410302909D0A6
:10427000202909D010292DD1D8F8001041F400319F
:10428000C8F80010B0B904E004F1300001F00AFFF2
:1042900080B9D8F8BC00D4F8C41020F0300008432E
:1042A000C8F8BC0005E000BF012001262179C9063D
:1042B000DAD430462179090758BFBDE8F087D8F82D
:1042C000C010D4F8C02021F0C0011143C8F8C010BC
:1042D000BDE8F0870120EDE704F1080001F06CFE75
:1042E000002805467FF497AF8AE700BF012001252B
:1042F00091E700BF04F1080001F05EFE00280546CA
:104300007FF4F1AEE4E600BF04F1080001F054FED2
:10431000002806467FF413AF06E700BF04F108004B
:1043200001F04AFE002805467FF435AF28E700BFBC
:1043300001200125D7E600BF01200126FFE600BFCE
:104340000120012527E700BF04F1300001F0AAFE9B
:1043500034E700BF01200126217989073FF53EAFF0
:1043600058E700BF04F1080001F026FE05460028CA
:104370007FF452ABE06DFFF747BB00BF04F10800CC
:1043800001F01AFEFFF75EBB04F1080001F014FE15
:10439000FFF776BB04F1080001F00EFEFFF78EBBBD
:1043A00004F1080001F008FEFFF7A6BB04F10800C5
:1043B00001F002FEFFF7BEBB04F1080001F0FCFDB6
:1043C000FFF7D6BB04F1080001F0F6FDFFF7BCBC17
:1043D00004F1080001F0F0FDD6E400BF04F108008C
:1043E00001F0EAFDEAE600BFFEF7ACF8054641F24F
:1043F000883600BFD8F8C80080073FF5D8ADFEF773
:10440000A1F8411B0320B1424FF00301F2D9EFE5BF
:104410002DE9F04381B0002800F0D08042F200087E
:10442000C4F202080446D8F800000D4600F00F0060
:1044300088420DD2D8F8000020F00F002843C8F8B9
:104440000000D8F8000000F00F00A84240F0B6804D
:10445000206840F62047C106C4F202470CD56169C6
:104460003A68702303EA1222914205D93A6822F48D
:10447000E04242EA0121396001070CD521693A681E
:10448000702303EA1212914205D93A6822F4E062DD
:1044900042EA0111396041070AD5E1683A6802F041
:1044A0007002914204D93A6822F0700211433960D7
:1044B00081070AD5A1683A6802F00F02914204D937
:1044C0003A6822F00F0211433960C00768D12068B2
:1044D00081070AD5A1683A6802F00F02914204D21E
:1044E0003A6822F00F0211433960D8F8001001F049
:1044F0000F01A9420CD9D8F8001021F00F0129436F
:10450000C8F80010D8F8001001F00F01A94255D1E9
:1045100041070AD5E1683A6802F07002914204D27C
:104520003A6822F070021143396001070CD5216905
:104530003A68702303EA1212914205D23A6822F4D3
:10454000E06242EA01113960C0060CD56069396841
:10455000702202EA1121884205D2396821F4E04133
:1045600041EA0020386000F007F939684AF6443221
:1045700001F00F01C0F60002525C40F20401C2F2E9
:104580000001096840F2240320FA02F2C2F200039B
:1045900008461A6001B0BDE8F043FEF70DB800BF51
:1045A000606857F8201C01280CD0022804D003288A
:1045B0005AD1890102D507E0890305D4012001B051
:1045C000BDE8F0838905F9D557F8041C21F00301F3
:1045D000084347F8040CFDF7B5FF61680646032958
:1045E00041F2883939D0022929D0012910D100BFE0
:1045F00057F8040C00F0180008283FF468AFFDF7E6
:10460000A1FF801B48454FF00300F1D90DE000BF2A
:1046100057F8040C10F0180F3FF459AFFDF792FF54
:10462000801B48454FF00300F2D901B0BDE8F0838C
:10463000FDF788FF801B48454FF00300F5D857F879
:10464000040C00F018001028F2D140E7FDF77AFFC3
:10465000801B48454FF00300E7D857F8040C00F0E2
:1046600018001828F2D132E78907A7D5ACE7000077
:1046700080B500F081F840F62041C4F2024109689B
:104680004AF6443201F00F01C0F60002515C01F01D
:104690001F01C84040F22401C2F20001086080BD41
:1046A00080B500F069F840F62041C4F202410A6882
:1046B0004AF6443302F00F02C0F600039A5C02F09F
:1046C0001F02D04040F22402C2F2000210600968CA
:1046D0004AF65432C1F30211C0F60002515C01F0F7
:1046E0001F01C84080BD000080B500F045F840F6CD
:1046F0002041C4F202410A684AF6443302F00F0234
:10470000C0F600039A5C02F01F02D04040F224027F
:10471000C2F20002106009684AF65432C1F3022165
:10472000C0F60002515C01F01F01C84080BD0000CE
:1047300080B500F021F840F62041C4F202410A6839
:104740004AF6443302F00F02C0F600039A5C02F00E
:104750001F02D04040F22402C2F200021060096839
:104760004AF65432C1F30231C0F60002515C01F046
:104770001F01C84080BD000080B540F60041C4F272
:104780000241C86900F01800082802BF40F6001076
:10479000C0F23D0080BDC86910F0180F34D0C86960
:1047A00000F01800102802BF47F64000C0F27D104C
:1047B00080BDC86900F01800182849F20000C0F256
:1047C000D03066D1D1F828E08A6AC2F3052C8A6A13
:1047D0008B6BBCF1000F04BF002080BDDB08D2064C
:1047E00003EAE2726FF35F3200EE102A0EF003026A
:1047F000B8EE400A032A15D0012A17D10A6892069A
:1048000018D49FED251A1DE00868800649F20000C3
:10481000C0F2D03058BF80BD0968C1F3C101C840A3
:1048200080BD00BF9FED1B1A0CE000BF9FED1B1A5F
:1048300008E000BF0A68C2F3C102D04001EE100ACE
:10484000B8EE411A02EE10CA486BB8EE422A6FF376
:104850005F2081EE021A02EE100A9FED113AB8EEC7
:10486000422A20EE030A486B30EE020AB7EE002A15
:10487000C0F3462030EE020A013021EE000A01EEBC
:10488000100AB8EE411A80EE010ABCEEC00A10EE22
:10489000100A80BD20BCBE4B0024744C0024744A16
:1048A00000000039002804BF012070472DE9F043C3
:1048B00081B040F6004740F6F0490446C4F2024792
:1048C000C4F20249F86959F8C81C227800F01808A7
:1048D000D00601F003062AD5B8F1080F1CD0B8F1B4
:1048E000180F08BF022E17D0E1693868002900F0C0
:1048F0006D8140F480703860FDF724FE054600BFEE
:10490000386880050CD4FDF71DFE401B02284FF0CF
:104910000300F5D958E200BFE069002800F0E48008
:10492000B869216A20F47C1040EA0140B86120781F
:10493000C00719D0B8F1100F12D0B8F1180F08BF86
:10494000032E0DD061683868B1F5A02F60DA002918
:1049500000F0B081B1F5803F00F0CE819EE100BF54
:104960006068002800F0C0802078800777D5B8F113
:10497000000F21D0E068B8F1180F08BF012E55D004
:104980003968002800F06681206921F01801084389
:104990003860386840F001003860FDF7D3FD054607
:1049A0003868800754D4FDF7CDFD401B02284FF036
:1049B0000300F5D908E200BFE068002800F0948009
:1049C0003968206901F01801814231D0396821F03D
:1049D000180108433860FFF7CFFE396A4AF64432BF
:1049E00001F00F01C0F60002515C40F2240201F018
:1049F0001F0120FA01F140F20400C2F20000006839
:104A0000C2F200021160FDF7D7FD00286CD10FE063
:104A100000F06A81B1F5A81F40F0408140F4802089
:104A20003860386840F4801064E100BF00285BD033
:104A3000FDF788FD054600BF3868800708D4FDF7FC
:104A400081FD401B0228F7D9032001B0BDE8F083A7
:104A50003869616920F4FE0040EA0140386120783D
:104A6000000745D4207840075CD42078800600F108
:104A70007F80A56AA5B3B8F1180F40F0C98059F836
:104A8000C81C59F8BC0C012D2ED0E26A01F00303BA
:104A9000934229D1C1F30521226B914224D1626B4B
:104AA00001466FF35F21013A91421DD1A16BC0F322
:104AB000462201398A4217D1E16BC0F3064201391F
:104AC0008A4211D1216CC0F30660013988420BD1B2
:104AD00059F8B80CE16CC0F3CC00884240F0E88192
:104AE000002001B0BDE8F083012001B0BDE8F083F3
:104AF000A169D9F80000002952D040F08060C9F8BF
:104B00000000FDF71FFD0546D9F800000001A9D4FB
:104B1000FDF718FD401B0228F6D9032001B0BDE8BF
:104B2000F08300BF4FF62446CFF6FF76B859C00792
:104B300012D1B85940F00100B851FDF703FD054608
:104B4000B859C00708D1FDF7FDFC401B02284FF003
:104B50000300F5D938E100BFA168D9F800000429A5
:104B600046DC002900F0EA80012900F01781D5E039
:104B7000616A3868002900F07F8040F48050386016
:104B8000FDF7E0FC054600BF386880043FF571AFD3
:104B9000FDF7D8FC401B02284FF00300F4D913E1C5
:104BA00020F08060C9F80000FDF7CCFC054600BF8E
:104BB000D9F8000000017FF555AFFDF7C3FC401B9D
:104BC00002284FF00300F3D9FEE000BF20F480700C
:104BD0003860FDF7B7FC0546386880057FF5A7AE5D
:104BE000FDF7B0FC401B02284FF00300F4D9EBE0C6
:104BF000052900F0C780852940F0908040F004002E
:104C0000C9F80000D9F8000040F08000C2E000BF01
:104C1000386820F080703860FDF794FC022D05465E
:104C20000CD100BF3868800140F1D280FDF78AFCCA
:104C3000401B02284FF00300F4D9C5E0386880011A
:104C400040F12881FDF77EFC401B02284FF0030055
:104C5000F4D9B9E021F001003860FDF773FC054696
:104C6000386880077FF5FBAEFDF76CFC401B02281F
:104C70004FF00300F4D9A7E020F480503860FDF72E
:104C800061FC0546386880047FF5F3AEFDF75AFCF9
:104C9000401B02284FF00300F4D995E020F4803047
:104CA0003860386820F480203860386820F480103C
:104CB00024E000BF20F480303860386820F4801091
:104CC0003860386820F480203860FDF73BFC0546EA
:104CD000386880037FF548AEFDF734FC401B64283C
:104CE0004FF00300F4D96FE040F48020386038685A
:104CF00020F480103860386840F480303860FDF768
:104D000021FC0546386880033FF52EAEFDF71AFCFE
:104D1000401B64284FF00300F4D955E020F0010057
:104D2000C9F80000D9F8000020F00400C9F800001C
:104D3000D9F8000020F0800032E000BF20F0010030
:104D4000C9F80000D9F8000020F08000C9F8000080
:104D5000D9F8000020F00400C9F80000FDF7F2FBCC
:104D6000054641F2883600BFD9F8000080077FF57C
:104D70007CAEFDF7E7FB401BB0424FF00300F3D9D8
:104D800022E000BF40F00400C9F80000D9F800009C
:104D900020F08000C9F80000D9F8000040F00100C0
:104DA000C9F80000FDF7CEFB054641F2883600BF8A
:104DB000D9F8000080073FF558AEFDF7C3FB401B54
:104DC000B0424FF00300F3D901B0BDE8F08300BF5B
:104DD00059F8C80C43F6037104F12C0388430ECB39
:104DE000084340EA0220A16B49F8C80C4FF47E4208
:104DF00002EB4121E26B581E4FF4FE0389B203EB34
:104E000002426FF35F20084402F4FE01226C4FF06F
:104E1000FE4303EB0262084402F0FE41084449F8F5
:104E2000BC0C59F8C80C20F0100049F8C80CE06C14
:104E3000C00049F8B80C59F8C80C40F0100049F807
:104E4000C80C59F8C80C616C20F00C00084349F8F4
:104E5000C80C59F8C80CA16C20F02000084349F890
:104E6000C80C59F8C80C40F4803049F8C80C3868B0
:104E700040F080703860FDF765FB044638688001BB
:104E80003FF52EAEFDF75EFB001B02284FF003003E
:104E9000F4D999E759F8C80C4FF6FC71CFF6F871C0
:104EA000084049F8C80C002001B0BDE8F08300BFFD
:104EB00059F8C80C20F0100049F8C80CFDF742FB67
:104EC0000546FDF73FFBA842FBD0E06CC00049F867
:104ED000B80C59F8C80C40F0100049F8C80C002074
:104EE00001B0BDE8F0830000002804BF0120704736
:104EF0002DE9F04381B0016844F6004441F080534D
:104F0000C5F201040022A342826203D1C2680F2AC3
:104F100001D949E0C268C36B012404EB5313083282
:104F2000D20803FB02F244F60043C4F201039942A3
:104F30000AD043F60043C5F2000303F588339942D3
:104F400004D1082A30D801E0082A2DD842F6FF7390
:104F5000C4F20103994213DD43F20003C4F20103DA
:104F600099421FD043F60003C5F20003994219D0BD
:104F700043F20003C5F20103994213D00CE000BFD5
:104F800043F60003C4F2000399420BD043F60043FA
:104F9000C4F20003994205D043F60043C5F2000372
:104FA000994205D1102A03D9012001B0BDE8F08350
:104FB00090F8891031B9002180F88810044600F07B
:104FC00085F82046022180F88910D0E90019D0F830
:104FD00018800C68B8F1806F24F001040C608C68B4
:104FE00004F4F81C10D1B9F1000F05D0B9F5800F09
:104FF0000AD1846B74B903E0846BB4F1805F06D18D
:105000000C6844F480540C605FEA492402D44FF0E9
:10501000010E0FE0C468072C0AD3D1F800E0066D3A
:105020002EF480752E430E604FF0000E07E000BF97
:105030004FF0000E0C6824F480740C60C468C669DC
:10504000876AC36B46EA0C0637433B4323438568B4
:10505000D0E904628B60D0E90D34476ABEF1000FDD
:1050600043EA070343EA0403D0E9124743EA06038D
:10507000066A42EA030242EA060242EA070242EAFA
:105080000502836D42EA0402C76D42EA0302036E21
:1050900042EA070242EA030242EA080242EA09023D
:1050A000CA600A6D22F001020A6505D1CA68436D23
:1050B00022F000421A43CA600021C0F88C1001217E
:1050C00080F88910002001B0BDE8F083B0B5BCB015
:1050D000044602A800250830C8213B95CDE9395582
:1050E000CDE93755FBF73CFA206843F20001C4F2E2
:1050F0000101884202D03CB0B0BD00BF4FF000605B
:10510000029004202D9002A80395FEF75DFC002874
:1051100018BFFBF71DFD40F68C40C4F202408169C8
:1051200041F480518161816901F4805101910199BB
:10513000016841F001010160006837A900F0010039
:1051400001900198E020379002203890002039909B
:1051500003203A9005203B900020C4F20220FDF786
:1051600027F93CB0B0BD00002DE9F047D0F8009021
:105170001D46174604460E46FDF7E4F994F88910DB
:1051800001290DD18046002E4FF0010018BF002FDD
:1051900002D1BDE8F08700BF94F88800012803D150
:1051A0000220BDE8F08700BF01210320002284F81F
:1051B000881084F88900C4F88C206666A4F86870AA
:1051C000A4F86A70E266A4F87020A4F87220A068BF
:1051D000A267B0F5C02F2068E26705D1016841F4ED
:1051E0000061016004E000BFC26861F35242C26026
:1051F00041684FF6FF72914339444160016841F0C4
:10520000010101606168B1F5800F03D1016841F4CB
:1052100000710160E168102916D343F2FF71C5F2F5
:10522000000188425CDC43F60001C4F200018842C0
:1052300068D043F60041C4F20001884262D043F2D4
:105240000001C4F201015BE0072900F2A780B4F875
:105250006A00002800F0D4804FF6FE706E1CA0F1AA
:10526000020A471C10E000BF616E51F8042B026275
:1052700050466166B4F86A100844A4F86A00B4F8AD
:105280006A00002800F0BC8020684169890709D4C1
:10529000FDF758F9002EF2D0A0EB0800A842EED39B
:1052A00050E000BFB4F86A10042902D3E16B412931
:1052B000DAD2B4F86A1001290AD9E26B616E42B100
:1052C00031F8020BA9F820004FF6FE70D1E700BFBD
:1052D000616E097880F82010606E411C3846C8E77E
:1052E00043F60001C5F2000188420BD043F20001F1
:1052F000C5F20101884205D043F60041C5F2000124
:1053000088424BD1B4F86A00002879D0681C0FD1CC
:1053100030E000BF616E51F8042B02626166B4F8A0
:105320006A000138A4F86A00B4F86A00002867D05F
:10533000206841698907EDD4FDF704F9A0EB080066
:10534000A842F1D3204600F023FFD4F88C0040F4AB
:105350008070C4F88C00012084F88900002084F853
:1053600088000320BDE8F087FDF7ECF8B4F86A0088
:10537000002845D0206841698907F5D5616E51F84C
:10538000042B02626166B4F86A000138A4F86A006E
:10539000B4F86A000028EDD132E000BFB4F86A002A
:1053A00070B34FF6FE706E1C471C0EE0606E30F856
:1053B000021BA9F8201039466066B4F86A00084458
:1053C000A4F86A00B4F86A00D0B12168486980077F
:1053D00008D4FDF7B7F8002EF4D0A0EB0800A842DF
:1053E000F0D3AFE7B4F86A000128DFD9E26B606E52
:1053F000002ADCD050F8042B0A624FF6FE71DBE77E
:10540000681C13D020684069000713D4FDF79AF890
:10541000A0EB0800A842F5D3D4F88C0040F020009F
:10542000C4F88C0006E000BFFDF78CF820684069E6
:105430000007F9D5204600F0ABFE012084F8890072
:10544000002084F88800D4F88C00002818BF0120C0
:10545000BDE8F0872DE9F04F81B0D0F80090C66B21
:105460009A46174604460D46FDF76CF894F88910E5
:1054700001290FD180464FF0010025B1002F18BF40
:10548000BAF1000F02D101B0BDE8F08F94F88800A6
:10549000012803D1022001B0BDE8F08F012084F87B
:1054A00088000520002184F88900C4F88C10E76684
:1054B000A4F872A0A4F870A06566A4F86AA0206899
:1054C000A4F868A0A167E167C168102721F4C02192
:1054D000C16043F2FF71C5F20001884210DC43F65F
:1054E0000002C4F2000290421DD043F60042C4F212
:1054F0000002904217D043F20002C4F201020FE012
:1055000043F60002C5F2000290420CD043F600427E
:10551000C5F20002904206D043F20002C5F2010239
:10552000904218BF082742684FF6FF739A435244CF
:105530004260026842F0010202606268B2F5800FC8
:105540004FF0010203D1036843F400730360E36882
:1055500002EB5612102B17D3884200F39D8043F6BE
:105560000001C4F200010A9B884200F0A88043F6C3
:105570000041C4F20001884200F0A18043F2000122
:10558000C4F2010199E000BF072B0A9B00F20081E1
:105590004FF6FF711FFA82F9012003F1010BA1F10F
:1055A000030C012356460FE04FF0000AB3B21FFA76
:1055B0008AF0002B18BF012346EA0A01002818BF11
:1055C0000120090400F0568121681FFA8AF2DB07E6
:1055D0004D6918BF15F0020312D017FA86F39342F3
:1055E0000ED9636E1B7881F82030636E2168013319
:1055F0006366B4F86A30013BA4F86A30B4F86A60B4
:105600004B69C007D0D04869C00724D14A451DD294
:1056100013F400401AD091F83000E16E0870E06E8B
:105620002168421CE26691F830104170E06E2168FA
:10563000421CE26691F830104170E06E2168421C15
:10564000E26691F83010417060460AE0032A13D8F0
:1056500013F4C04010D091F83000E16E08704FF69E
:10566000FF70E16E0131E166B4F872100844A4F8ED
:105670007200B4F872A099E76546FCF763FFBBF1CE
:10568000000F07D00A99A0EB08008842AC46FFF44F
:105690008DAF69E0AC4689E743F60001C5F2000131
:1056A0000A9B88420BD043F20001C5F201018842F7
:1056B00005D043F60041C5F20001884268D11FFAC7
:1056C00082FBBD08012003F10109012356460FE0CA
:1056D0004FF0000AB3B21FFA8AF0002B18BF012363
:1056E00046EA0A01002818BF0120090400F0C28020
:1056F00021681FFA8AF2DB074F6918BF17F002030F
:105700000FD015FA86F393420BD9636E53F8047BDE
:105710000F626366B4F86A30013BA4F86A30B4F8EB
:105720006A604B69C007D3D04869C00704D15A45A5
:1057300010D213F400400DD0096BE06E016004300C
:10574000E066B4F872000138A4F87200B4F872A0F0
:10575000C0E700BFFCF7F6FEB9F1000FBAD00A9916
:10576000A0EB08008842B5D3204600F011FDD4F824
:105770008C0040F48070C4F88C00012084F889000B
:10578000002084F88800032001B0BDE8F08F00BF3E
:105790004FF6FF711FFA82FB7F0801205A1CA1F10E
:1057A000010C0123564600920FE000BF4FF0000AA3
:1057B000B3B21FFA8AF0002B18BF012346EA0A0190
:1057C000002818BF0120090454D022681FFA8AF16A
:1057D000DB07556918BF15F0020310D017FA86F3DE
:1057E0008B420CD9636E33F8026BA9F820606366B4
:1057F000B4F86A30013BA4F86A30B4F86A605369BF
:10580000C007D3D05069C00716D159450ED213F442
:1058100000400BD0B9F83010E06E20F8041BB9F846
:10582000301020F8021C61460DE000BF012913D1A1
:1058300013F4005010D000BFB9F83010E06E20F81B
:10584000021B4FF6FF71E066B4F872000844A4F83A
:105850007200B4F872A0ABE76546FCF773FE0099DE
:1058600031B10A99A0EB08008842AC46A0D37BE78F
:10587000AC469DE70A9D681C14D000BF20684069B3
:10588000000713D4FCF75EFEA0EB0800A842F5D396
:10589000D4F88C0040F02000C4F88C0006E000BF73
:1058A000FCF750FE206840690007F9D5204600F05B
:1058B0006FFC012084F88900002084F88800D4F867
:1058C0008C00002818BF012001B0BDE8F08F000057
:1058D000042888BF7047DFE800F0031B13352D0054
:1058E0004EF21000CEF20000016821F004010160C8
:1058F00040F6E440C4F20240016821F00C0120E0CF
:105900004EF21000CEF200000168022206E000BF55
:105910004EF21000CEF200000168012221F00401D5
:10592000016040F6E440C4F20240016862F3830182
:1059300007E000BF4EF21000CEF20000016841F017
:105940000401016070470000411E0020B0EB116FA0
:105950001CBF012070474EF21002CEF200025160CF
:105960009060116841F00301116070474EF2100021
:10597000CEF200000068400744BF0420704740F6A4
:10598000E440C4F20240006800F00C01081FB0FAC5
:1059900080F04009082908BF0220704770470000C6
:1059A000704700007047000070470000704700001B
:1059B0007047000090F83C20012A4FF0020200F0EE
:1059C000C08010B580F83D20026842F6FF33D2F85F
:1059D00004E0D2F808C0C5F201039A420CDC42F69A
:1059E0000043C4F201039A4212D043F20043C4F2CE
:1059F00001039A420CD010E043F20043C5F20103C8
:105A00009A4205D042F60043C5F201039A4204D1FE
:105A10004C682EF4700344EA030E4FF68F73CFF6F2
:105A2000FF530C6803EA0E032343B2F1A04F536007
:105A300014DA41F2FF73C4F200039A4222DC40F20E
:105A4000FF73C4F200039A423EDCB2F1804F6BD088
:105A500040F20043C4F2000364E000BF41F2FF7370
:105A6000C5F200039A421FDC40F2FF73C5F2000347
:105A70009A4235DCB2F1A04F56D040F20043C5F255
:105A800000034FE043F2FF33C4F201039A4233DCD8
:105A900041F60003C4F200039A4245D042F60043A7
:105AA000C4F201033EE000BF43F2FF33C5F201033D
:105AB0009A422DDC41F60003C5F200039A4233D02E
:105AC00042F600432CE000BF40F60003C4F200039E
:105AD0009A4229D040F60043C4F2000322E000BFFE
:105AE00040F60003C5F200039A421DD040F6004381
:105AF000C5F2000316E000BF43F20043C4F2010305
:105B00009A4211D044F20003C4F201030AE000BF3C
:105B100044F20003C5F201039A4205D043F2004368
:105B2000C5F201039A4204D189682CF0800319431D
:105B300091600121002280F83D1080F83C20BDE8F2
:105B4000104010467047000070470000002804BF56
:105B50000120704710B5044690F83D0028B9002098
:105B600084F83C00204600F023F8022084F83D0031
:105B70002068211D00F040FC012084F8480084F8D2
:105B80003E0084F83F0084F8400084F8410084F827
:105B9000420084F8430084F8440084F8450084F807
:105BA000460084F8470084F83D00002010BD000046
:105BB000006841F20001C4F20001884218BF70473A
:105BC00080B582B040F69C40C4F2024001680022D9
:105BD00041F0100101600068002100F01000019008
:105BE00001983120FCF750FD312002B0BDE8804023
:105BF000FCF738BD90F83D1001291BD1022180F837
:105C00003D100168B1F1A04F16DA41F2FF70C4F205
:105C10000000814224DC40F2FF70C4F200008142A7
:105C200040DCB1F1804F6DD040F20040C4F2000082
:105C300066E000BF0120704741F2FF70C5F200002E
:105C400081421FDC40F2FF70C5F20000814235DC6A
:105C5000B1F1A04F56D040F20040C5F200004FE035
:105C600043F2FF30C4F20100814233DC41F6000010
:105C7000C4F20000814245D042F60040C4F2010067
:105C80003EE000BF43F2FF30C5F2010081422DDC4F
:105C900041F60000C5F20000814233D042F60040D8
:105CA0002CE000BF40F60000C4F20000814229D081
:105CB00040F60040C4F2000022E000BF40F60000C1
:105CC000C5F2000081421DD040F60040C5F2000040
:105CD00016E000BF43F20040C4F20100814211D03F
:105CE00044F20000C4F201000AE000BF44F20000E8
:105CF000C5F20100814205D043F20040C5F2010027
:105D000081420DD188680722C0F201020240062AB2
:105D10004FF0000018BFB2F5803F01D1704700BFBF
:105D2000086840F0010008600020704770470000DC
:105D3000F0B581B004460068C5680669B10717D59B
:105D400015F0020114D06FF00201016101212177E9
:105D50008069800704D02046FFF7E8FF06E000BF17
:105D6000204600F0CBF8204600F0CAF8002020774B
:105D7000700719D515F0040016D020686FF00401E3
:105D8000016102212177806910F4407F04D0204610
:105D9000FFF7CCFF06E000BF204600F0AFF820463A
:105DA00000F0AEF800202077300717D515F0080076
:105DB00014D020686FF00801016104212177C069C7
:105DC000800703D02046FFF7B1FF05E0204600F032
:105DD00095F8204600F094F800202077F00619D5B9
:105DE00015F0100016D020686FF010010161082135
:105DF0002177C06910F4407F04D02046FFF796FF5A
:105E000006E000BF204600F079F8204600F078F860
:105E100000202077F00718BF15F0010006D0206899
:105E20006FF001010161204600F06CF816F4025F8A
:105E300005F0800718BF002F02D1F00509D410E04B
:105E400020686FF4025101612046FFF7A9FDF005BB
:105E500007D537B120686FF4807101612046FFF7E4
:105E60009DFD700609D515F0400006D020686FF042
:105E700040010161204600F047F8B00609D515F051
:105E8000200006D020686FF0200101612046FFF756
:105E900089FDF00209D515F4801006D020686FF452
:105EA000801101612046FFF781FDB00209D515F48C
:105EB000001006D020686FF4001101612046FFF742
:105EC00073FD700209D515F4800006D020686FF4C8
:105ED000800101612046FFF76BFD30020CD515F4FF
:105EE000000009D021686FF4000220460A6101B069
:105EF000BDE8F040FFF728BE01B0F0BD70470000DC
:105F000070470000704700007047000010B5D8B11E
:105F10000446D0F8880028B9002084F88400204680
:105F200000F026F82420C4F888002068A16A0268DE
:105F3000002922F0010202601CBF204600F07AFB1B
:105F4000204600F0A1FC08B1012010BD216848687E
:105F500020F490404860886820F02A008860086833
:105F600040F0010220460A60BDE8104000F0D6BBB8
:105F700070470000FEE7000040F22002C2F200027B
:105F80001268D1E9003CC0E900234B890C22C0E92A
:105F900004320A898989C0F808C081614FF4004140
:105FA000C1610021C2604162FFF7B0BFFEE700009F
:105FB000FEE700007047000070B540F62C46C4F2C2
:105FC000024656F82C1C044621F0806046F82C0C42
:105FD000FCF7B8FA054600BF56F82C0C000105D5B1
:105FE000FCF7B0FA401B0228F6D958E0306843F6B7
:105FF0000371884394E80E00084340EA0220E168F8
:1060000030604FF47E4202EB41212269581E4FF46A
:10601000FE0389B203EB02426FF35F20084402F4EF
:10602000FE0162694FF0FE4303EB0262084402F096
:10603000FE41084430613068A16920F00C0008433B
:1060400030603068E16920F0200008433060606A09
:1060500031680843306030684FF6F87120F0100066
:1060600030607069226A884340EAC200706130681B
:1060700040F01000306056F82C0C40F0806046F87C
:106080002C0CFCF75FFA044656F82C0C000144BFB8
:10609000002070BDFCF756FA001B0328F4D3032040
:1060A00070BD000070B540F63046C4F2024656F8A6
:1060B000301C044621F0805046F8300CFCF742FAC0
:1060C000054600BF56F8300C800005D5FCF73AFABB
:1060D000401B0228F6D958E0306843F60371884324
:1060E00094E80E00084340EA0220E16830604FF473
:1060F0007E4202EB41212269581E4FF4FE0389B211
:1061000003EB02426FF35F20084402F4FE01626970
:106110004FF0FE4303EB0262084402F0FE410844E4
:1061200070613068A16920F00C000843306030686D
:10613000E16920F0200008433060606A316808435C
:10614000306030684FF6F87120F010003060B069B0
:10615000226A884340EAC200B061306840F0100013
:10616000306056F8300C40F0805046F8300CFCF7A8
:10617000E9F9044656F8300C800044BF002070BD99
:10618000FCF7E0F9001B0328F4D3032070BD0000E6
:10619000016840F26F32D1F814C08B6943F00803F4
:1061A0008B618B6943F010038B610B6823F0010353
:1061B0000B600B6923EA02020A618A6822F44042FA
:1061C0008A6090F88920042A18BF1CF0200209D0A8
:1061D000D0F88C2042F08002C0F88C208A6942F00E
:1061E00020028A6190F88920032A18BF1CF040021F
:1061F0000CD15FEA8C5216D45FEACC5220D4002135
:10620000A0F86A10A0F87210704700BFD0F88C2078
:1062100042F00402C0F88C208A6942F040028A6190
:106220005FEA8C52E8D5D0F88C2042F00102C0F829
:106230008C208A6942F400728A615FEACC52DED512
:10624000D0F88C2042F00802C0F88C208A6942F411
:1062500080728A610021A0F86A10A0F8721070475D
:1062600070470000FCF774B910B59CB040F61404F8
:1062700008A85021C4F20244FAF772F90020CDE9CF
:106280000600CDE90400CDE9020054F8040C40F00A
:10629000300044F8040C54F8040C00F03000019075
:1062A00001982068000709D4206800075CBF2068B7
:1062B0005FEA007002D420680007F2D540220D92F8
:1062C0004FF48052322011924FF4807208900120D6
:1062D0000F9220220B901092022214907D20082110
:1062E000CDE91502002408A80C91CDE91222CDE9D0
:1062F00017221991CDE91A44FEF7D4FA10B172B6FB
:10630000FEE700BF1F2002900320CDE9030402A88E
:106310000521CDE905440794FEF77AF810B172B66D
:10632000FEE700BF42F20000C4F202000168022250
:1063300062F3051101601CB010BD00004EF6885CD0
:10634000CEF2000CDCF80010012241F47001CCF810
:10635000001040F60041C4F202410A600022CA6106
:106360000A620B684EF6E320CEF6E2201840086081
:1063700040F28020C0F201108A62CA620A63486358
:106380008A63C8630A6448648A64086820F48020C9
:1063900008600A654FF0006042F21C01C4F202017D
:1063A0004CF8800C51F8040C420F062A05D800F076
:1063B0006040B0F1404F18BF70470868C0070BD06D
:1063C00042F63B20C0F6190041F8100C46F67F60FB
:1063D000C4F65D4041F8100C086840F00200086007
:1063E000086840F0010008607047000040F2C800F3
:1063F000C2F20000FFF79CBC0268B0F1A04F13DAB4
:1064000040F6FF33C4F20003984221DCB0F1804F24
:1064100042D040F20043C4F2000398423CD040F620
:106420000003C4F2000335E040F6FF33C5F2000379
:1064300098421FDCB0F1A04F2ED040F20043C5F2CD
:106440000003984228D040F60003C5F2000321E083
:1064500040F60043C4F2000398421DD042F60043C8
:10646000C4F20103984217D043F20043C4F201037F
:1064700010E000BF40F60043C5F2000398420BD085
:1064800043F20043C5F20103984205D042F60043AF
:10649000C5F20103984203D14B6822F070021A43FF
:1064A000B0F1A04F14DA41F2FF73C4F20003984236
:1064B00022DC40F2FF73C4F2000398423EDCB0F1EC
:1064C000804F6BD040F20043C4F2000364E000BF91
:1064D00041F2FF73C5F2000398421FDC40F2FF73E4
:1064E000C5F20003984235DCB0F1A04F56D040F21F
:1064F0000043C5F200034FE043F2FF33C4F201034F
:10650000984233DC41F60003C4F20003984245D0C0
:1065100042F60043C4F201033EE000BF43F2FF3302
:10652000C5F2010398422DDC41F60003C5F20003D9
:10653000984233D042F600432CE000BF40F60003FF
:10654000C4F20003984229D040F60043C4F200038D
:1065500022E000BF40F60003C5F2000398421DD0C0
:1065600040F60043C5F2000316E000BF43F20043CB
:10657000C4F20103984211D044F20003C4F20103B3
:106580000AE000BF44F20003C5F20103984205D0BF
:1065900043F20043C5F20103984203D1CB6822F4D1
:1065A00040721A4380B54B6922F0800E8A6843EA34
:1065B0000E03D1F800C00360C26242F6FF32C5F29A
:1065C00001029042C0F828C0BDE8804012DC42F6CB
:1065D0000042C4F2010290421ED043F20042C4F2D3
:1065E0000102904218D044F20002C4F2010290422B
:1065F00012D013E042F60042C5F2010290420BD0E5
:1066000044F20002C5F20102904205D043F200427A
:10661000C5F20102904201D1096901630121416182
:106620000169C90708BF7047016921F001010161D3
:1066300070470000816A0A070CD4CA0715D18A077F
:106640001ED44A0727D4CA0630D48A0639D44A064B
:1066500042D457E00268D0F838C0536823F40043AE
:1066600043EA0C035360CA07E9D00268D0F82CC093
:10667000536823F4003343EA0C0353608A07E0D5E0
:106680000268D0F830C0536823F4803343EA0C0327
:1066900053604A07D7D50268D0F834C0536823F452
:1066A000802343EA0C035360CA06CED50268D0F8B3
:1066B0003CC0936823F4805343EA0C0393608A063A
:1066C000C5D50268D0F840C0936823F4005343EA6C
:1066D0000C0393604A0615D5D0F800C0436CDCF873
:1066E0000420B3F5801F22F4801242EA0302CCF8A2
:1066F000042007D1DCF80420836C22F4C0021A4382
:10670000CCF80420090658BF70470168C06C4A687D
:1067100022F400221043486070470000B0B582B0F8
:1067200004460020C4F89000FBF70CFF21680546E2
:106730000A68120737D56FF07E4C20464FF40011DF
:1067400000222B46CDF800C000F0BCF950B300BFCA
:10675000206850E8000F216820F0800041E8000226
:10676000DAB1206850E8000F216820F0800041E88D
:10677000000292B1206850E8000F216820F08000EC
:1067800041E800024AB1206850E8000F216820F07B
:10679000800041E80002002ADAD10320202188226B
:1067A0006BE000BF2168086840075DD56FF07E4C44
:1067B00020464FF4800100222B46CDF800C000F0A7
:1067C00081F9002850D000BF206850E8000F2168F0
:1067D00020F4907041E80002BAB3206850E8000F3E
:1067E000216820F4907041E8000272B3206850E8FC
:1067F000000F216820F4907041E800022AB320685D
:1068000050E8000F216820F4907041E80002002A4F
:10681000DAD11AE0206850E8020F216820F0010068
:1068200041E80202DAB1206850E8020F216820F046
:10683000010041E8020292B1206850E8020F21688D
:1068400020F0010041E802024AB1206850E8020F3E
:10685000216820F0010041E80202002ADAD1032079
:1068600020218C2209E000BF2020C4F88800C4F851
:106870008C00002170220020E166A150002184F8E4
:10688000841002B0B0BD000070B504462269D4E99E
:106890000213006811436269E6690568114346F610
:1068A000F312CCF6FF722A40114331430160416874
:1068B0004FF2FF4521F440511943416042F200413B
:1068C000A26940F08053C5F200418B421CBF236A8D
:1068D0001A438368C1F2FF152B401A438260C26AD3
:1068E000636A22F00F021A4346F2FF33C4F2000338
:1068F0009842C2621ADC44F6FF31C4F200018842B9
:1069000030DC44F20041C4F20001884250D044F629
:106910000001C4F20001884240F0CC800420002134
:10692000FCF7FCFAB6F5004F67D048E042F2FF32C0
:10693000C4F2004290422BDC46F20041C4F2000156
:10694000884253D043F60001C4F20101884240F06E
:10695000B18001200021FCF7E1FAB6F5004F4CD0E0
:106960002DE000BF44F60041C4F20001884263D02C
:1069700045F20001C4F20001884240F09B801020E3
:106980000021FCF7CBFAB6F5004F36D017E000BF78
:1069900042F20042C4F20042904255D0884240F098
:1069A000898000200021FCF7B9FA002852D177E055
:1069B00002200021FCF7B2FAB6F5004F1DD00028E6
:1069C0006ED0616A4AF65C32C0F6000232F81110ED
:1069D0006268B0FBF1F000EB5200B0FBF2F04FF652
:1069E000EF72A0F1100191425CD857E02020002105
:1069F000FCF794FAB6F5004FE1D1002850D0616A57
:106A00004AF65C32C0F6000232F811106268B0FB40
:106A1000F1F0510801EB4000B0FBF2F04FF6EF72DD
:106A2000A0F1100191423DD84FF6F071C0F342023F
:106A30000840104432E000BF08200021FCF76EFA45
:106A4000B6F5004FBBD1D8E74FF480500021FCF7DA
:106A500065FA28B3616A4AF65C32C0F6000232F881
:106A600011106268B0FBF1F102EB420081424FF07D
:106A7000010018D31303994215D808020B0E10EB2E
:106A8000520043F100010023F9F76CFC4FF600526D
:106A9000A0F54071C0F20F02914203D22168C86094
:106AA000002000E001204FF00111A1660021C4E99F
:106AB0001D1170BD00200021FCF730FAB6F5004F23
:106AC0009BD07CE72DE9F041804600681546C269FD
:106AD0000E461140891BB1FA81F14909A94223D11F
:106AE000069C2CB3611C29D1C1693140891BB1FAC4
:106AF00081F14909A94217D1C1693140891BB1FA15
:106B000081F14909A9420FD1C1693140891BB1FA0C
:106B100081F14909A94207D1C1693140891BB1FA04
:106B200081F14909A942DFD00020BDE8F08100BF12
:106B3000FBF708FD0320BDE8F08100BF1F4607E01A
:106B4000C0693040801BB0FA80F04009A842EBD108
:106B5000FBF7F8FCC01BA04284BF0320BDE8F08116
:106B6000D8F8000001684907EAD5402E18BF802EEA
:106B7000E6D0C169090700F1A180C1690905DFD527
:106B80004FF400610162D8F8000050E8000FD8F817
:106B9000001020F4907041E800020AB3D8F8000019
:106BA00050E8000FD8F8001020F4907041E800027F
:106BB000B2B1D8F8000050E8000FD8F8001020F467
:106BC000907041E800025AB1D8F8000050E8000F78
:106BD000D8F8001020F4907041E80002002AD2D1C9
:106BE0004FF6FE70CEF6FF70D8F8001051E8021F85
:106BF000D8F80020014042E80213F3B1D8F80010A1
:106C000051E8021FD8F80020014042E80213A3B166
:106C1000D8F8001051E8021FD8F80020014042E8DF
:106C2000021353B1D8F8001051E8021FD8F8002021
:106C3000014042E80213002BD6D1D8F86C0001289D
:106C40002CD1D8F8000050E8000FD8F8001020F040
:106C5000100041E800020AB3D8F8000050E8000F25
:106C6000D8F8001020F0100041E80002B2B1D8F8C6
:106C7000000050E8000FD8F8001020F0100041E8A4
:106C800000025AB1D8F8000050E8000FD8F8001000
:106C900020F0100041E80002002AD2D1202000217B
:106CA000C8F88C00C8F86C10C8F87410C8F89000C8
:106CB000032088F88410BDE8F08100BF082101623C
:106CC000D8F8000050E8000FD8F8001020F49070B9
:106CD00041E800020AB3D8F8000050E8000FD8F8E5
:106CE000001020F4907041E80002B2B1D8F8000022
:106CF00050E8000FD8F8001020F4907041E800022E
:106D00005AB1D8F8000050E8000FD8F8001020F46D
:106D1000907041E80002002AD2D14FF6FE70CEF604
:106D2000FF70D8F8001051E8021FD8F80020014089
:106D300042E80213F3B1D8F8001051E8021FD8F866
:106D40000020014042E80213A3B1D8F8001051E836
:106D5000021FD8F80020014042E8021353B1D8F8CE
:106D6000001051E8021FD8F80020014042E8021349
:106D7000002BD6D1D8F86C0001282CD1D8F800000F
:106D800050E8000FD8F8001020F0100041E8000291
:106D90000AB3D8F8000050E8000FD8F8001020F02F
:106DA000100041E80002B2B1D8F8000050E8000F2E
:106DB000D8F8001020F0100041E800025AB1D8F8CD
:106DC000000050E8000FD8F8001020F0100041E853
:106DD0000002002AD2D12020C8F88C00002008210F
:106DE000C8F86C00C8F87400C8F8901088F88400DF
:106DF0000120BDE8F0810000002804BF0120704799
:106E0000016C21F000410164016C41F00101016459
:106E10000021416400207047002000F069BE00009E
:106E20000146806D20F4004200208A657047000012
:106E3000014601200864086C002220F0010008646B
:106E4000086C20F00040086400204A64704700008D
:106E50000146006C4BF6807220EA020200200A64B0
:106E600070470000012909D000291CBF012070478C
:106E7000016C21F00041016400207047016C41F079
:106E80000041016400207047FEE7000080B54FF02C
:106E9000010C01233E2A84BF1F234FF0050C13442D
:106EA00023FA0CFCC0005FFA8CF300EB810046F281
:106EB00000414FF0FF3E3E2A88BF5EFA8CF34FEA56
:106EC0008322C4F201014FF4004C88BF4CEA8322B4
:106ED000435812049BB208BF4FF000421A4442507C
:106EE00080BD00002DE9F04140F29015C2F200058E
:106EF0006978FF291CD04AF6743804460026C0F68B
:106F0000000800270DE000BF40462BD1C168204695
:106F1000884769780137481CC0B2874206F12406C9
:106F200006D2C8B28742EFD2A868D8B13044EDE7A4
:106F300005F10C003721F9F713FB4FF0FF30C5F8CE
:106F40002F00C5F82B00C5F82700C5F82300C5F8A9
:106F50001F00C5F81B00C5F81700C5F81300BDE8F1
:106F6000F08100BF4EF6F050CEF200000068C0077E
:106F700008BFBDE8F08100BEBDE8F081087840069A
:106F800004D0002001210822FFF780BF487805289F
:106F9000F7D14888012161F3DF1046F24C01C4F2B9
:106FA00001010860002001210822FFF76FBF0000E7
:106FB00070B540F6D00301F00F001022C2F20003BA
:106FC000082402EAD10203EB40104EB224EA111168
:106FD00010440B1D0325807B46F2000C05FA03F3D9
:106FE00006310125C4F2010C05FA01F15CF82020FC
:106FF000194448F68F7348F2800EC0F2FF7342EADC
:107000000E04194302F4C0622023B6F1FF3FC8BF4B
:107010004FF400532140B2F5806F18BF59404EF233
:107020000812CEF200024FF48063C2F88030BFF342
:107030004F8FBFF36F8F4CF82010BFF34F8FBFF30C
:107040006F8F136070BD000080B54EF2081CCEF249
:10705000000C4FF4806ECCF880E046F2040240F25F
:107060006C10BFF34F8FC4F201020023C2F2000084
:107070004FF6FF71BFF36F8F1360C0F806105360B7
:10708000C0F80A109360C0F80E10D360C0F8121058
:107090001361C0F816105361C0F81A109361C0F85C
:1070A0001E10BFF34F8FBFF36F8FCCF800E0C021ED
:1070B000018080BD2DE9F04F81B08D78C8780E46F3
:1070C0008C8800F00301284600F084F9082819D2C2
:1070D00046F20008C4F2010858F8201047F2700286
:1070E000CFF600026FB21140F27807F00F0602F0FF
:1070F0000302022A314411D0032A75D1824648F294
:1071000080600EE04EF6F050CEF200000068C0073E
:1071100000D000BE002001B0BDE8F08F824648F2EA
:1071200080006FF3DF2441EA00090DF103010DF146
:10713000020220464FEAD51B01F094FB40F26C128C
:10714000C2F200021188084483B21080B3F5006FC8
:10715000504609D94EF6F051CEF200010968C90730
:107160004FF6FF7100D000BE08EBC0028BF00103A8
:1071700002EB83024FF6FF75D2F8003421F00301D1
:10718000AB4340F6D005C2F2000505EB46161944A4
:1071900006EB0B13C2F8001420219C819873B7F101
:1071A000FF3FC8BF4FF400516FF0700281EA090140
:1071B000002F48BF6FF4E04211404EF20812CEF2A9
:1071C00000024FF48063C2F88030BFF34F8FBFF3EB
:1071D0006F8F48F82010BFF34F8FBFF36F8F13608E
:1071E000012001B0BDE8F08F4EF6F050CEF2000065
:1071F0000068C0078ED000BE002001B0BDE8F08F4F
:1072000080B540F6D00001F00F0C1022C2F2000051
:1072100002EAD10300EB4C1049B21844807B46F2DD
:10722000000CC4F2010C5CF82030B1F1FF3F48F6CD
:10723000BF7148F2800EC0F2FF7143EA0E03C4BF73
:107240004BF68F71C0F2FF7101EA0301C8BF4FF422
:10725000805251404EF20812CEF200024FF4806389
:10726000C2F88030BFF34F8FBFF36F8F4CF8201000
:10727000BFF34F8FBFF36F8F136080BDF0B581B048
:1072800040F6D00601F00F001027C2F2000607EA10
:10729000D10706EB401649B2F019847BF251002267
:1072A000B1F1FF3F42600381428137DD46F20006C3
:1072B000C4F2010656F82410858943F60F72AB42DA
:1072C00038BF1D4601F4C060C0F2FF72B0F5806F98
:1072D00001EA020704D1204600212A46FFF7D6FD25
:1072E000204601212A46FFF7D1FD4EF20811CEF2C9
:1072F00000014FF480624BF28000C1F8802078409A
:10730000BFF34F8FBFF36F8F46F82400BFF34F8F4B
:10731000BFF36F8F0A60012001B0F0BD214600F07D
:10732000BFFD012001B0F0BDF0B581B040F6D00640
:1073300001F00F001027C2F2000607EAD10706EBA2
:10734000401649B2F019847B0025B1F1FF3FF55199
:1073500042600381458137DD46F20006C4F2010632
:1073600056F82410858943F60F72AB4238BF1D468C
:1073700001F4C060C0F2FF72B0F5806F01EA02074D
:1073800004D1204600212A46FFF780FD2046012136
:107390002A46FFF77BFD4EF20811CEF200014FF4B2
:1073A00080624BF28000C1F880207840BFF34F8F9D
:1073B000BFF36F8F46F82400BFF34F8FBFF36F8F7B
:1073C0000A60012001B0F0BD214600F069FD0120F6
:1073D00001B0F0BD70B540F26C13C2F2000303EBD4
:1073E000D01600F00F02347901294FEAD01C0BD1DE
:1073F000012686EAD01E7CB1D87801281ED1987863
:1074000090421BD1002070BD34B3D878884231D16E
:1074100098789042F6D02DE003EB0E00007968B921
:107420009878FF2818BF904208D1DC789E1C012C68
:107430004FF0000018BFFF2C00F0A48103EB0C05F7
:10744000287A28B3D879012834D19879904204BF9A
:10745000012070BD2EE000BF9878FF2818BF904231
:1074600008D1DD789E1CFF2D4FF0000018BF8D4223
:1074700000F0888103EB0C05287A002844D0D879E5
:1074800088424FD19879904204BF012070BD49E0F5
:1074900003EB0E00007A68B99879FF2818BF904274
:1074A00008D1DC799E1D012C4FF0010018BFFF2C84
:1074B00000F06881287B48B1D87A012819D1987AE0
:1074C000904204BF022070BD13E000BF03EB0E002A
:1074D000007B70B9987AFF2818BF904209D1DC7AF6
:1074E00003F10A06012C4FF0020018BFFF2C00F038
:1074F0004981287C10B3D87B012832D1987B9042F7
:1075000004BF032070BD2CE09879FF2818BF90427B
:1075100008D1DC799E1DFF2C4FF0010018BF8C4272
:1075200000F03081287B002844D0D87A884250D19E
:10753000987A904204BF022070BD4AE003EB0E002F
:10754000007C70B9987BFF2818BF904209D1DC7B82
:1075500003F10E06012C4FF0030018BFFF2C00F0C2
:107560001181287D40B1D87C012818D1987C9042A7
:1075700004BF042070BD12E003EB0E00007D70B963
:10758000987CFF2818BF904209D1DC7C03F11206D9
:10759000012C4FF0040018BFFF2C00F0F380287E70
:1075A00020B3D87D012834D1987D904204BF0520B6
:1075B00070BD2EE0987AFF2818BF904209D1DC7A7E
:1075C00003F10A06FF2C4FF0020018BF8C4200F0B6
:1075D000D980287C00285FD0D87B88426AD1987BEC
:1075E000904204BF032070BD64E000BF03EB0E00B7
:1075F000007E70B9987DFF2818BF904209D1DC7DCC
:1076000003F11606012C4FF0050018BFFF2C00F007
:10761000B980287F40B1D87E012818D1987E904249
:1076200004BF062070BD12E003EB0E00007F70B9AE
:10763000987EFF2818BF904209D1DC7E03F11A061C
:10764000012C4FF0060018BFFF2C00F09B8095F82E
:10765000200048B1D87F012840F09C80987F90425C
:1076600004BF072070BD95E003EB0E0090F82000EA
:10767000002840F08F80987FFF2818BF904240F08C
:107680008980DD7F03F11E06012D4FF0070079D0C0
:10769000FF2D77D07EE000BF987BFF2818BF904277
:1076A00008D1DC7B03F10E06FF2C4FF0030018BF5E
:1076B0008C4267D0287D48B1D87C884214D1987C10
:1076C000904204BF042070BD0EE000BF987CFF28EC
:1076D00018BF904208D1DC7C03F11206FF2C4FF05A
:1076E000040018BF8C424DD0287E48B1D87D884216
:1076F00014D1987D904204BF052070BD0EE000BFFC
:10770000987DFF2818BF904208D1DC7D03F1160652
:10771000FF2C4FF0050018BF8C4233D0287F48B1B2
:10772000D87E884214D1987E904204BF062070BD56
:107730000EE000BF987EFF2818BF904208D1DC7E83
:1077400003F11A06FF2C4FF0060018BF8C4219D027
:1077500095F8200040B1D87F88421BD1987F904295
:1077600004BF072070BD15E0987FFF2818BF904226
:1077700010D1DD7F03F11E06FF2D4FF0070018BF6B
:107780008D4207D106EB0C037170012132709970A4
:1077900070BD00BF4EF6F050CEF200000068C0078A
:1077A0003FF430AE00BE002070BD00002DE9F04374
:1077B00083B00546407888460238052800F20B81E0
:1077C000DFE800F0042E16220E8400BF40F2901075
:1077D000C2F2000000210173417301748173FAE069
:1077E00040F29010C2F20000017801310170F2E025
:1077F00040F29010C2F20000017B002900F02381CA
:1078000001218173E7E000BF40F29010C2F2000056
:10781000017B002900F0178100218173DBE000BFAC
:1078200040F29019C2F2000999F80100FF2823D014
:107830004AF674340026C0F60004002707E000BFB3
:10784000411C0137C9B28F4206F1240614D2C1B2DD
:107850008F4205D2D9F808100029F1D0314401E057
:107860002146EDD10A6A002AEAD028786968904753
:1078700099F80100E4E700BF99F80E0000285ED0F7
:10788000002089F80E002978D9F804408DF80010FE
:107890000521B8F1000F8DF801100290019033D04E
:1078A00040F20800C2F20000028904F108006946B3
:1078B000002301F04FFE0646CEB39DF800009DF870
:1078C0000110424602F028FA39E000BF297911F090
:1078D0000F0000F0808040F29013C2F2000303EB2F
:1078E00040005F7800EBD11292F82320974251D9E3
:1078F0009B68002B6FD002EBC20203EB8202D369BC
:10790000002B4ED167E000BF40F20806C2F200062D
:1079100071688847328904F108006946002301F044
:1079200019FE7168064601208847002EC5D14EF623
:10793000F050CEF200000068C00700D000BE99F8F9
:107940001200C00700F07F802878D9F804408DF835
:10795000000003208DF801006868B8F1000F019065
:1079600078D040F20800C2F20000028904F1080059
:107970006946002301F0EEFD0546002D00F07F80F2
:107980009DF800009DF80110424602F0C5F903B0D1
:10799000BDE8F0831FD14AF67432C0F60002D36905
:1079A000CBB1CB09C41814F8330F00F0FE002070DF
:1079B000207800F0FB002070D76928786A79AB68DE
:1079C000B84700283FD1207840F00100207020788F
:1079D00040F00400207040F29010C2F200004468B1
:1079E000B8F1000F14D040F20800C2F20000028982
:1079F00004F108002946002301F0ACFD0646DEB183
:107A000028786978424603B0BDE8F04302F084B9B3
:107A100040F20806C2F200067168002088473289E9
:107A200004F108002946002301F094FD7168064620
:107A300001208847002EE3D14EF6F050CEF2000030
:107A40000068C00702D103B0BDE8F08300BE03B0F8
:107A5000BDE8F08340F20805C2F200056968002025
:107A600088472A8904F108006946002301F072FD65
:107A70006968054601208847002D7FF481AF4EF6E6
:107A8000F050CEF200000068C007DCD000BE03B0AA
:107A9000BDE8F08310B500F06BFA46F24004C4F282
:107AA000010400202060206840F45D40206000F068
:107AB000AFFAA06940F400410120A16110BD0000AF
:107AC0004EF28810CEF200004FF480610160BFF3E7
:107AD0004F8FBFF36F8F7047BFF34F8F4EF2081079
:107AE000BFF36F8FCEF200004FF4806101607047EA
:107AF0002DE9F04F89B046F24005C4F201056C68EB
:107B0000A0050ED56FF400706860A8684FF440714E
:107B10006FF3DF20ADF81810079006A80121FFF7DA
:107B200045FE60050AD4E0041CD420052FD4E005EE
:107B300042D401946868000453D563E06FF4806018
:107B4000686000F065FA4FF48070ADF8180000200E
:107B50008DF81C0006A80121FFF728FE09B0BDE83A
:107B6000F08F00BF2868012120F0040028602868F9
:107B700020F0080028606FF4805068604FF4A06027
:107B8000ADF8180006A8FFF711FE2005CFD528682C
:107B9000012140F008002860286840F004002860B7
:107BA0006FF4006068604FF48060ADF8180006A8BC
:107BB000FFF7FCFDE005BCD540F6C800C2F20000AE
:107BC000017839B1012903D12A6822F010022A6014
:107BD000013901706FF48070686001946868000476
:107BE00010D4019840040AD54EF6F050CEF20000B1
:107BF0000068C00700D000BE6FF48040686009B024
:107C0000BDE8F08F40F60F79A5F140044FF014085D
:107C100005F57070C0F2FF79029012E001F180006A
:107C20004FF4E0618DF81C000020ADF818108DF8BD
:107C30001D0006A801210892FFF7B8FD686800043E
:107C4000CFD5686800F00F0654F826A05FEA0A4016
:107C500040F1D480CDF80C800398A0B1039801388E
:107C60000390039878B1039801380390039850B1BA
:107C7000039801380390039828B1039801380390C2
:107C800003980028EAD15FEA0A502FD454F826005E
:107C900040F6D00700EA090040F0800044F82600D2
:107CA00054F826B0029B0BF00F090BF48C4003EB49
:107CB000C601C2F20007B0F5884007EB491818BFAB
:107CC000012051F8202051F82010D8F80400C2F308
:107CD000094713FA81F100283CD0002207920422C0
:107CE00006923A4606AB01F035FC3EE0029A0023CC
:107CF00002EBC60041684068C1F3094712FA80F000
:107D000004A93A4601F054FE54F82600082F00EA70
:107D1000090040F0800044F826000DD14FF4C06007
:107D2000ADF81800DDE90410CDE9071006A801211F
:107D3000FFF73CFD62E000BF4EF6F050CEF20000CF
:107D40000068C00700D000BE002001210822FFF714
:107D50009DF853E0D8F80000B8F80A200023024448
:107D6000084611463A4601F023FEB8F80A00B8F872
:107D70000C2038449742A8F80A0023D3B8F808101A
:107D800083B299421ED90BF4C063B3F5806F08D05B
:107D9000081A80B20121904238BF02463046FFF7F0
:107DA00075F840F60F79C0F2FF7909F5405000EA06
:107DB0000B004BF2800148404FF0140844F82600B5
:107DC0001CE000BF30460121FFF760F8B8F80A0058
:107DD0004FF4E061ADF818100890002706A80121C3
:107DE0008DF81C908DF81D70FFF7E0FC40F60F79C0
:107DF000C8F808704FF01408C0F2FF795FEA0A6013
:107E00007FF51CAF54F8260000EA090040F400405A
:107E100044F8260054F8262040F6D00002F00F0166
:107E2000C2F2000000EB411002F4C063B3F5806FB2
:107E300000F1100012D1C37B002B3FF4FFAE0123F1
:107E400023EA921205EBC60303EB82020023C373FD
:107E5000D2F8C0336FF31943C2F8C03302894389A3
:107E60009A423FF4DBAE314600F01AF8E6E6000035
:107E700040F6D000C2F20000002240F8102F817BB3
:107E80004260826000F00CB846F24000C4F201008B
:107E9000026822F4007261F3492202607047000018
:107EA0002DE9F04782B0054600896A898A4646F284
:107EB0000041C4F20101801AA1F5806880B2AE8948
:107EC00058F82A70B04238BF064607F4C06900204F
:107ED000B9F5806F08BFC7F380104FEACA0343EAC1
:107EE000800043584418686811FA83F14FF000038A
:107EF00040B10422019300926B46324601F00CFB24
:107F000007E000BF2868024408461146324601F0E7
:107F1000A5FD6889B9F5806F3044688120686FF3EA
:107F20009F266FF3194040EA064048F2B0012060F6
:107F300004BF0120E87340F63F70C0F2FF70384084
:107F400048404EF20811CEF200014FF48062C1F8B1
:107F50008020BFF34F8FBFF36F8F48F82A00BFF325
:107F60004F8FBFF36F8F0A6002B0BDE8F08700004B
:107F700082B046F24000C4F20100032101600021FA
:107F80000191019AC72A1BD800BF019A01320192C0
:107F9000019AC72A14D800BF019A01320192019AAE
:107FA000C72A0DD800BF019A01320192019AC72A4F
:107FB00006D800BF019A01320192019AC82AE3D380
:107FC000026822F00202026000910099C7291BD8C2
:107FD00000BF0099013100910099C72914D800BF52
:107FE0000099013100910099C7290DD800BF00996F
:107FF000013100910099C72906D800BF00990131CD
:1080000000910099C829E3D30021416002B0704774
:108010002DE9F04182B046F2000440F26C154FF6B3
:10802000FF70C4F201040027C2F20005E764C5F83E
:108030000200C5F80600C5F80A00C5F80E00C5F82C
:108040001200C5F81600C5F81A00C5F81E00402633
:108050004EF6F05800200021CEF200082E80FFF7E7
:10806000B9F980200021FFF7B5F940F6D000C2F23F
:10807000000086818773868387770DF1050101AA49
:10808000402000F0EFFB2F88384481B22880B1F502
:10809000006F06D9D8F800004FF6FF77C00700D070
:1080A00000BE0DF107010DF10602402000F0DAFBE1
:1080B0002988084482B22880B2F5006F06D9D8F822
:1080C0000000C00700D000BE4FF6FF7146F204402A
:1080D000C4F2010002684FF6FF739A4327F00303CE
:1080E0001A440260D4F8000421F003016FF30F007A
:1080F0000844C4F80004206847F27001CFF600017C
:10810000084042F2202180EA0105002001210822D6
:10811000FEF7BCFE80202560E06402B0BDE8F0817F
:10812000B6B0FAF723FAFEF79FF86C4604F10800A0
:10813000C821F8F715FA4FF080700027009020460C
:108140000197FBF741FC18B172B600BFFEE700BF14
:1081500040F68C44C4F20244206840F2004B40F0E8
:10816000020020602068C4F2022B00F002000090A0
:1081700000984FF0010941F2000A694658460497F9
:10818000CDE900990297C4F2000A0397FAF710F9B3
:108190000497CDE90277CDE900772068012140F00E
:1081A000010020602068002200F001003590359821
:1081B000206840F004002060206800F00400359042
:1081C0003598206840F002002060206800F002002E
:1081D000359035985846FAF7AFF9ABF580652846E3
:1081E0004FF4807101224FF48078FAF7A5F910203E
:1081F0006E46CDE900070BF5806031460297FAF72D
:10820000D7F858463146CDE90099CDE90277FAF71B
:10821000CFF8CDE900894FF0020828463146029791
:10822000CDF80C80FAF7C4F854F8040C002140F0A3
:10823000010044F8040C54F8040C002200F0010082
:10824000009000981B20FAF71FFA1B20FAF70AFA91
:1082500040F638000AF5903107234FF08066C2F2ED
:1082600000004FF0C0454FF4800280E88600C0E96E
:108270000337C0E90576C0E90757C0E90977C3624B
:10828000C0E90D77C763C0E91277C0E91477C0E988
:1082900016770766FCF728FE10B172B6FEE700BF3E
:1082A00040F2D4300BF5F8414FF40022C2F2000046
:1082B000C0E90012102100F108020024042582E820
:1082C00012024FF4B46100F12803CDE90644CDE970
:1082D0000444CDE90244CDE9004445610483C0F87B
:1082E0001C8080F820404FF4806280F8349016C3E0
:1082F000846380F83C40F8F771FF18B172B600BF94
:10830000FEE700BF012000900620019003200290AC
:108310007F20CDE9030540F2D430C2F20000694667
:108320000594F8F729FC18B172B600BFFEE700BF4C
:108330000220C0F2304000900C20019040F2D43076
:10834000C2F200006946F8F717FC18B172B600BF18
:10835000FEE700BF40F2A005C2F20005284640F843
:1083600028AF0024F92140F2E7320194C0E901145A
:10837000C2608461FDF7EAFB10B172B6FEE700BF90
:108380002020029405F12804009069462046FDF75C
:1083900011FB18B172B600BFFEE700BF40F25450A7
:1083A0000AF5A831C2F20000016008210171022122
:1083B0000026C1714172C0F80A60C0F80D60FAF77A
:1083C000B1F918B172B600BFFEE700BF00F094F833
:1083D0000020002102F088F92046FDF70BFC40F256
:1083E000D430A91CC2F200000222F9F7A9F800203B
:1083F0000121F8F76BFA4FF4E130294641F8180FE4
:108400000020C1E901668E81F8F702FA10B172B658
:10841000FEE700BF42F2950641F2B018EA4641F28B
:10842000EC3BC0F64F1641F2B00900E06C704FF023
:10843000FF300021002701F023FE00F03FFBA87869
:1084400015280BD3EF2801D9FF2707E0C0EB002048
:10845000A0EB0B008008A0FB06014F08C7F3470400
:108460002878211A48BF4942032903D817F4FF7F0F
:1084700011D180B1A0420ED0002001F069FC48B1BA
:108480000020002152460323ADF800908DF80240F1
:1084900001F084FC2C70E878152801D200200BE054
:1084A000EF2801D9FF2007E0C0EB0020A0EB0B0074
:1084B0008008A0FB06014808C0F347046978621AE7
:1084C00048BF5242032A04D810F4FF7FAFD10029DD
:1084D000ADD0A142ABD0002001F03AFC0028A5D0DD
:1084E0000020002152460323ADF800808DF80240A1
:1084F00001F054FC9AE7000070B584B040200024DD
:10850000ADF804000020C4F202248DF806002046D5
:108510004FF480710022FAF70FF840F63805C2F2E6
:10852000000501A9284603220223FCF71DFE204670
:108530004FF480710122F9F7FFFF4FF4A070ADF8FE
:108540000700FF2620464FF4807100228DF8096055
:10855000F9F7F2FF0DF10701284603220223FCF789
:1085600003FE20464FF480710122F9F7E5FF4FF436
:108570005460ADF80A000F208DF80C0020464FF42F
:1085800080710022F9F7D8FF0DF10A012846032275
:108590000223FCF7E9FD20464FF480710122F9F730
:1085A000CBFF4FF4A250ADF80D0020464FF4807180
:1085B00000228DF80F60F9F7BFFF0DF10D0128467D
:1085C00003220223FCF7D0FD20464FF480710122E4
:1085D000F9F7B2FF04B070BD00207047012070476A
:1085E00070B584B040F25024C2F200042046C0218D
:1085F000F7F7B6FF04F14000402500268DE8610042
:1086000004F12800002100220023039500F04CFC17
:1086100004F1800104F110008DE8620000210122C4
:108620000023039500F040FC04B070BD2DE9F04F2D
:1086300081B04B798E18012B0F4615D18B790F46DF
:10864000012B11D1CB790F4673B90B78934201EB13
:10865000030709D23A783A44B24205D87B78242BF2
:1086600002D1B2421746F5D37A78042A07D17A7933
:10867000012A04D1BA79032A01D1FA7922B1002062
:1086800080B201B0BDE8F08F40F25028C2F200087D
:1086900098F82A2098F81230002A18BF0122002BDF
:1086A00018BF01231A40012A0CD14EF6F050CEF229
:1086B00000000068C007E2D000BE002080B201B018
:1086C000BDE8F08FBB7888F8000088F801303A796F
:1086D0003B78002A07EB030450D0B4424ED24FF04F
:1086E000000919E0A18888F812006FF3DF2108F172
:1086F0001C0088F810B0A8F8141000F035FD2078A0
:108700003A79235C044409F10109514658469145E0
:108710001C4438BFB44231D22378E518B5422DD875
:108720006578052DF3D18A462146834602F022F969
:1087300050B394F90200B0F1FF3FD3DD454605F890
:1087400028BFA188A8706FF3DF2105F10C00A98074
:1087500000F00AFD284600F0D7FB0028CFD14EF6E6
:10876000F050CEF200000068C0073FF488AF00BEB2
:10877000002080B201B0BDE8F08F00BF601A80B267
:1087800001B0BDE8F08F00BF4EF6F050CEF2000011
:108790000068C0073FF473AF00BE002080B201B094
:1087A000BDE8F08FB0B540F25024C2F200040025BD
:1087B00004F13400C4E90055C4E9025500F0D4FCCA
:1087C00004F11C0084F82A5000F0CEFCA574B0BD62
:1087D000F0B581B040F25027C2F2000797F82A00A6
:1087E000BC7C451A18BF0125661A18BF01262E4009
:1087F000012E0BD14EF6F050CEF200000068C007FB
:1088000000D000BE002001B0F0BD00BF884213D1EF
:1088100052B9396B29B19AB207F13400002300F044
:1088200099FE002001F096FB07F1280000F06CFB98
:10883000012001B0F0BD00BF002A4FF0000008BFCA
:108840008C4201D001B0F0BD07F1100528461C464E
:1088500000F0EAFB0028EBD12846214600F044FC5A
:10886000E6E7000080B54FF0000C01234FF0010E49
:108870003E2888BF4FF0010C84BF4FF01F0E052328
:10888000704420FA03FE5FFA8EF0984081F800C031
:1088900082F800E080BD0000B0B54A880C464FF079
:1088A000FF3101EB12210E291BD80546DFE801F04C
:1088B0000822141919323E191919191919191C000D
:1088C00001F0ACF900283FD0024628462146122389
:1088D000BDE8B04001F02EB9A188D0B201F0A8F9EE
:1088E000E0B90020B0BD00BF01F090F90028F8D039
:1088F000024621E0D0B201F08BF90246E0B94EF613
:10890000F050CEF200000068C007EAD000BE0020A0
:10891000B0BD00BF01F088F90028E2D0037802461C
:1089200028462146BDE8B04001F004B9D0B201F0BC
:108930007DF902460028D4D0538828462146BDE858
:10894000B04001F0F7B800BF4EF6F050CEF2000094
:108950000068C007C5D0002000BEB0BD2DE9F04FB3
:1089600083B08346481EC0B201F052F9E0B14178AD
:10897000022919D140F2901AC179C2F2000A9AF87C
:108980000F20C1F3801102F0FE0211448AF80F108B
:1089900041880A2970D34AF6743900EB010800F1C6
:1089A0000905C0F6000912E04EF6F050CEF20000C4
:1089B0000068C00700D000BE002003B0BDE8F08F03
:1089C0000B29054666D145454FF00100F5D22878C0
:1089D0002844404550D869780429F1D19AF801001B
:1089E000FF2825D0A8EB05018EB20024002700BF88
:1089F000C0B2874206D2DAF80800002840D02044EE
:108A000002E000BF48463BD103695846294632463A
:108A10009847092828BF86420ED29AF801000137EC
:108A2000411CC9B28F4204F12404E1D315E000BF18
:108A30000027FF2011E000BFFBB20AF123010AF179
:108A400013020646184610233446CDE9005600F0BE
:108A5000CFF948B39AF8010025440130C0B2F9B209
:108A60008142B0D34EF6F050CEF200000068C0074D
:108A7000A2D000BEA0E700BF012003B0BDE8F08F88
:108A80004EF6F050CEF200000068C0073FF494AFFD
:108A900000BE91E74EF6F050CEF200000068C0072D
:108AA0003FF48AAF00BE87E74EF6F050CEF20000EA
:108AB0000068C0073FF480AF00BE7DE72DE9F04FAE
:108AC00085B001F04BFA50B1F9F73CFD40F2A00A35
:108AD000C2F2000ADAF80410411A052902D205B0E0
:108AE000BDE8F08FCAF804000020002101F016F95B
:108AF00060B10DF10A0500BF0020294601F03CF9E4
:108B00000020002101F00AF90028F5D10020C4F26C
:108B1000022001240DF1110900F580604FF00008DA
:108B200001900BE0019801212A46F9F705FD08F1B3
:108B30000108B8F1040F8BF81470D0D004FA08F0D3
:108B4000002480F00F00C4F202244FF4A2558DF8E7
:108B5000130020464FF480710022ADF81150F9F750
:108B6000EBFC40F63806C2F20006304649460322C6
:108B70000223FCF7F9FA20464FF480710122F9F73D
:108B8000DBFC00BF00BF00BF00BF00BF00BF00BFD5
:108B900000BF00BF00BF00BF00BF00BF00BF00BFDD
:108BA00000BF00BF00BF00BF00BF00BF00BF00BFCD
:108BB00000BF00BF00BF00BF00BF00BF00BF00BFBD
:108BC00041F2413000BFADF8110000208DF81300D4
:108BD0008DF81000ADF80E0020464FF48071002291
:108BE000F9F7AAFC304649460DF10E02032302278D
:108BF0000097FCF72FFC20464FF480710122F9F713
:108C00009BFCFF209DF810708DF8130020464FF458
:108C100080710022ADF81150F9F78EFC30464946BC
:108C2000032202234E46FCF79FFA20464FF4807140
:108C30000122F9F781FC0AEB080B9BF8080017F0FA
:108C4000010913D140BB90208DF8110008F13C00C0
:108C50008DF8120064208DF81300002000213246A8
:108C6000032301F09BF8012511E000BFA0B1802093
:108C70008DF8110008F13C008DF81200002500204D
:108C80000021324603238DF8135001F087F8019834
:108C900001212A46F9F750FC07F00F0A9BF80C0057
:108CA00089F001011AF002078BF8081016D14FF075
:108CB0000104B14658BB90208DF8110008F1400026
:108CC0008DF8120064208DF81300002000214A4620
:108CD000032301F063F8012514E000BF4FF0010405
:108CE000B146A0B180208DF8110008F140008DF848
:108CF00012000025002000214A4603238DF813505E
:108D000001F04CF8019801212A46F9F715FC84EA94
:108D100057019BF810001AF004078BF80C1013D1C0
:108D200040BB90208DF8110008F144008DF812002E
:108D300064208DF81300002000214A46032301F02F
:108D40002DF8012511E000BFA0B180208DF81100A1
:108D500008F144008DF812000025002000214A4649
:108D600003238DF8135001F019F8019801212A46C8
:108D7000F9F7E2FB84EA9700BAF1080F8BF81000CC
:108D80009BF814004FF0000738BF012718D240F2BB
:108D9000A00A0028C2F2000A7FF4C9AE90208DF824
:108DA000110008F148008DF8120064208DF81300BE
:108DB000002000214A46032300F0F0FF0125B1E620
:108DC00040F2A00A0028C2F2000A3FF4B0AE8020B0
:108DD0008DF8110008F148008DF8120000250020E0
:108DE00000214A4603238DF8135000F0D7FF99E67F
:108DF000B0B5059C44B3DDF810C00CEB040E05E0E3
:108E000020709CF80040A444F4451DD29CF800401A
:108E10006444744518D89CF80140042C0AD0052CF1
:108E2000EFD19CF8024004F00F0501EB450505EB7E
:108E3000D414E5E79CF80340002CE2D19CF80240F2
:108E40009C4203D21444DBE70120B0BD4EF6F05043
:108E5000CEF200000068C00704BF0020B0BD0020B3
:108E600000BEB0BD0178C9070ED1017849070BD407
:108E70000178C90708D10178490705D4017841F084
:108E800004010170012070470020704701784907F4
:108E900008D50178C90705D1017801F0FB010170FF
:108EA0000120704700207047F0B581B08C46DDE9A5
:108EB000061200298E46144618BF4FF0010E002AF4
:108EC00018BF012404EA0E04012C0BD180F801C064
:108ED00000F10C0CDDE908650746604600F048F932
:108EE000BE60FD80204601B0F0BD0000B0B592B27A
:108EF00004460C30002300F00FFB0546204600F02E
:108F000003F82846B0BD0000818AC28AB0F910304B
:108F1000891A48BF01EB43018288D3FA51F189B223
:108F2000914203D3817809B142780AB10020704799
:108F300010B582B00446007801F0EEFC002841D064
:108F4000A08AE18AB4F91020401A48BF00EB420021
:108F5000A188D2FA50F0234682B28A4206D25878CB
:108F600080BB1878997801F019FD2BE04942084040
:108F700080B2DC885978A04238BF0446D1B99A68DB
:108F80001878997852B14FF0000C2346002C08BF96
:108F90002246CDF800C001F02FFD08E003F10C02DD
:108FA0004FF0000C2346CDF800C001F06BFD0146E8
:108FB000204641B94EF6F050CEF200000068C007DE
:108FC00000D000BE002002B010BD0000002A04BF87
:108FD00000207047B0B592B204460C30002300F078
:108FE000B9FA218AA28AE38AD21A48BF02EB410267
:108FF00093B2A2888B4228BF0B46934202D2914281
:1090000028BFB0BD0546204600F00EF82846B0BD8A
:10901000818AC28AB0F91000891A48BF01EB400169
:10902000D0FA51F080B27047018A828AC38AD21A7C
:1090300048BF02EB410292B28A4238BF114619B1D1
:10904000817809B142780AB100207047B0B582B08A
:109050000546007801F060FC002841D0A9682B4645
:1090600005F10C04B1B1DA882046002300F054FA6F
:109070002B465978E0B159BB9A680546187899781B
:109080004FF0000CD2B12B462C46CDF800C001F0B9
:10909000B3FC1AE0188A998ADA8A891A48BF01EB68
:1090A000400189B2814238BF084659780028E2D190
:1090B000B1B91878997801F071FC11E022462B467D
:1090C0002C46CDF800C001F0DDFC0146284641B930
:1090D0004EF6F050CEF200000068C00700D000BE8F
:1090E000002002B0B0BD000010B582B0838AC48AEF
:1090F00002464FF0000031B1A34204D190880138FC
:10910000084203D0002002B010BD00BF91780029B2
:10911000F8D050780028F5D11078144601F0FCFB07
:109120000028EFD06078B0B9A3682078A1782246F3
:1091300033B1002400220023009401F05DFC05E01F
:109140000C3200240023009401F09CFC00281EBF78
:10915000012002B010BD4EF6F050CEF200000068C3
:10916000C007CFD000BECDE700214181018170470B
:10917000B2F5004F05D801600021828083714181E2
:1091800001810020B2F5004F98BF01207047000018
:109190002DE9F04F83B00C9E87889D1B48BF05EBDF
:1091A000470590462A043FD0AAB2974206D23A46D3
:1091B0009F4298BF5242D6183D4646810D9A00BF45
:1091C000B3B2BB420ED3F61BB3B2BB420AD3F61BFB
:1091D000B3B2BB4206D3F31B9EB2BE42A3EB07065B
:1091E000EED21E46ABB2A7EB060B434538BF9846FE
:1091F00002B3D0F800A01FFA8BF01AFA86F9804566
:1092000032D91478CDF80080604200EA0B001FFAD2
:1092100080FCA44564D24B460D4662460004A4F18E
:10922000010840F0B080BAE04FF00008404603B0BB
:10923000BDE8F08F03681FFA8BF213FA86F39045AE
:1092400044D9054608460E461946A8EB0B04F7F725
:1092500020F916FA8BF02968A2B2F7F71AF94046FE
:1092600003B0BDE8F08F00BF12784046904503D2AE
:109270004246000472D1D9E7D9F80030801A0F466F
:1092800085B247F8043B954209EB020350D3801A9C
:1092900087B259F8025097424D6051D3801A87B275
:1092A00059F81250974202EB42078D6050D359F89B
:1092B0000770801A1344CF6087B2134403EB02098E
:1092C000974201F11001D7D244E000BF0846194689
:1092D0004246F7F7DEF8404603B0BDE8F08F00BF26
:1092E0000D464B461A68001B2F4686B247F8042BE2
:1092F000A64203EB04021FD3001B87B21E59A742EC
:109300006E6021D3001B87B253F81460A74204EBB0
:109310004407AE6030D3001B2244DB5987B222449D
:10932000EB601319A74205F11005DBD226E000BF60
:10933000994639460EE000BF13463D461EE000BF89
:1093400009EB4209083105E003EB4403083515E059
:109350000C31B94482B200043FF468AF002002909F
:1093600002A80C464946F7F794F802982060404658
:1093700003B0BDE8F08F00BF0C353B4482B200045F
:10938000A4F101080BD00020029002A80F46194654
:109390006646F7F77EF80298B4463946286000988A
:1093A00008EA0B05A0EB0B075FFA85FBBBF1000F8A
:1093B0000CEB01085ED0A4EB0B0009EB0C010DF1E6
:1093C000040986B248465A46F7F763F8B8B2B04285
:1093D00038BF0646F6B22EB109EB0B0051463246B5
:1093E000F7F757F856FA85F2B14601A94646A24268
:1093F00034D300BF0868121B334695B243F8040B00
:10940000A54201EB04001BD3121B93B20D59A342DA
:10941000756019D3121B93B251F81450A342B56072
:1094200016D304EB4403121B2044C95893B22044C2
:10943000F1600119A34206F11006DBD20CE000BF77
:1094400001461E4608E000BF01EB4401083603E078
:1094500004EB44000C36014492B232B10020029079
:1094600002A8F7F716F80298306008F10408A7EB95
:109470000907CA44380449D0BAB2A2423DD300BF5A
:10948000DAF800003F1B4146BAB241F8040BA24291
:109490000AEB040020D33F1BB9B25AF80420A142C2
:1094A000C8F804201CD33F1BB9B25AF81420A142BB
:1094B000C8F808201AD304EB44013F1B5AF80110E6
:1094C0002044C8F80C10B9B2204400EB040AA142B1
:1094D00008F11008D4D20EE0824688460BE000BFA7
:1094E0000AEB440A08F1080805E000BF04EB440059
:1094F00008F10C088244BAB242B10020029002A8DE
:109500005146F6F7C6FF0298C8F80000DDF8008063
:10951000404603B0BDE8F08F10B582B09C46038989
:10952000B0F80AE00446CDE900ECFFF731FEA1886F
:10953000B4F80AC00CEB00039AB2A3EB410EB2EBF5
:10954000410F28BF7346624538BF7346638102B03E
:1095500010BD00002DE9F04F87B0002A60D01546FD
:1095600006894289877980468088AFB1A8424FD961
:10957000B71A48BF07EB400715FA87F7B7EB400F5C
:1095800015D3471BBE18B7B2974224BF4200BA4258
:1095900098BFA6EB40060AE0B21A48BF02EB4002B1
:1095A000D0FA52F292B2954228BF1546C5B3324660
:1095B00097B287420ED3121A97B287420AD3121A71
:1095C00097B2874206D3171ABAB28242A7EB0002BB
:1095D000EED23A46A0EB020A97B21FFA8AF22BB3F8
:1095E000D8F80000954200EB070931D9CDE90365B1
:1095F0001D7868420AEA0004A2B2AA4202922FD25F
:1096000048460E462704A5F1010740F09A80A2E0E3
:109610002F1A16460546002B08BF3944002DC6D127
:109620000025284607B0BDE8F08F00BFD8F800003D
:109630009542384412D9A5EB0A0437460E46F6F790
:1096400028FFD8F8000016FA8AF1A2B23E4699E146
:109650001A78954232D22A46D7E000BF2A4691E1D5
:109660000E464846374657F804CB641BA2B2C0F8F2
:1096700000C0AA4200EB05024CD3641BA7B2D6F887
:1096800004C0AF4240F805C04CD3641BA7B2D6F863
:1096900008C0AF4205EB450740F815C04AD302EBBE
:1096A000050CF268641BC251A2B2AC440CEB05007D
:1096B000AA4206F11006D5D23EE000BF3446284645
:1096C0000F4657F8043B801A86B2C9F8003096421C
:1096D00009EB020322D3801A87B24E68974249F8F9
:1096E000026023D3801A87B28E68974202EB42074A
:1096F00049F81260C0F08280CE68801A134449F89D
:10970000076087B2134403EB0209974201F110018D
:10971000D6D275E010463E460EE000BF9946394667
:109720006EE000BF00EB4500083605E009EB42099A
:10973000083165E00C363844A2B22704A5F10107D0
:1097400009D0366806AC06960E4621461C46F6F74A
:10975000A0FE314623460498A0EB0A0B07EA0A0054
:10976000029FC2B207EB010AB2B1A91A019289B2F3
:109770001FFA8BF28A4238BF11465FFA81FE5EFA09
:1097800080F21D7809EB0700AA42029000930DD2E7
:10979000764605A857464AE0D8F80000049D039E87
:1097A0005FEA0B4140F0A480EEE000BF05A85746F9
:1097B000394651F804CB521B96B2C0F800C0AE42F5
:1097C00000EB050626D3521B91B27C68A942445196
:1097D00024D3521B91B2BC68A94205EB450140F865
:1097E00015401FD3FC68521B2E44445091B22E44A6
:1097F0007019A94207F11007DAD215E00C31B9440B
:1098000082B22646002A00F0BF80086806A90690AA
:109810004846B7E030460F4606E000BF00EB450083
:10982000083701E00C37084492B2764622B1396815
:10983000069106A9F6F72DFE019C0DF11409029878
:10984000494622460AF1040AF6F723FE049D002E3B
:1098500044D0042E06F0030002D2002124E000BF11
:1098600006F0FC0104EB09024942531C6FF00302AD
:109870009F18D8F80040FD7814442571D8F800509E
:109880003C7915446C71D8F800507C791544AC7162
:10989000D8F80050BF79154404328C180434EF71A5
:1098A000E6D1049D019C111DC0B10A1919F80220CE
:1098B000D8F8003001285A5410D04A1C131919F84E
:1098C0000330D8F800700228BB54019A06D0881CD7
:1098D000811819F80110D8F800201154D8F80000A8
:1098E000009BABEB060B3044039E5FEA0B414BD071
:1098F00019781FFA8BF28A4240D300BF534653F8BF
:10990000042BABEB010B1FFA8BF702608F4200EBCD
:10991000010223D3ABEB010B1FFA8BF3DAF80470CF
:109920008B4247501ED3ABEB010B1FFA8BF3DAF8D7
:1099300008708B4201EB410340F8117018D3DAF83C
:109940000C70ABEB010B0A44C7501FFA8BF30A44AF
:1099500050188B420AF1100AD0D20CE010469A46F9
:1099600009E000BF00EB41000AF1080A03E000BF74
:109970000AF10C0A18441FFA8BF22AB1DAF8001027
:10998000069106A9F6F785FD7119B8F804008AB2A8
:10999000A1EB4003B2EB400F28BF1946B0B28242A0
:1099A00038BF1946A8F80810284607B0BDE8F08F60
:1099B00010B582B0002B14BF93F800E04FF0040EF6
:1099C000724503D21346120438D13FE0034653F8E0
:1099D00004CBA2EB0E0294B2C1F800C0744501EBB7
:1099E0000E0C1FD3A2EB0E0293B24468734541F8EC
:1099F0000E401DD3A2EB0E0293B2846873450EEBAA
:109A00004E0341F81E4023D3C468A2EB0E02F44477
:109A1000CC5093B2F4440CEB0E01734500F11000EE
:109A2000D4D208E06146184693B2120406D10DE084
:109A300001EB4E01083093B2120407D0006801AA6E
:109A40000190084611461A46F6F723FD02B010BDF4
:109A50000C30194493B21204F0D1F7E7F0B581B09D
:109A6000002B074614BF18780420824204D2134604
:109A7000100433D13AE000BF0B68121A3C4695B28D
:109A800044F8043B854201EB00031BD3121A95B244
:109A90000C5885427C601BD3121A95B251F81060A5
:109AA00000EB40048542BE6022D3121A03440959D8
:109AB00096B20344F9601918864207F11007DBD209
:109AC00009E000BF1946274693B2100406D10DE005
:109AD00001EB4001083793B2100407D0002000903A
:109AE00068461A46F6F7D5FC0098386001B0F0BD1C
:109AF0000C37214493B21004F0D1F7E780B582B05F
:109B0000D1F800C04B6840F21812C2F200024FF0C8
:109B1000000EC2E900C3C2E902EE0978802222EAFF
:109B2000010100220023CDF800E000F065FF02B043
:109B300080BD0000F0B581B00D684F6840F2181686
:109B4000C2F20006C6E90057CC884FF0000CA342D1
:109B50002746B260A6F80EC038BF1F46B7816CB169
:109B600012BB0BB34EF6F050CEF200000068C007F7
:109B700000D000BE002001B0F0BD00BF09788022F7
:109B800022EA010100220023CDF800C000F034FFDA
:109B900060BB4EF6F050CEF200000068C007E9D07E
:109BA00000BE002001B0F0BD6DB2402F28BF40279D
:109BB00005F080017BB1B5F1FF3F0CDCD2B106F1BD
:109BC00014010546084611463A461C46F6F761FC64
:109BD000234628468021002B18BF06F114030026D7
:109BE0001A463B46009600F007FF18B1012001B06D
:109BF000F0BD00BF4EF6F050CEF200000068C00786
:109C0000B8D000BE002001B0F0BD000000207047B9
:109C10004AF6AA30C0F60000704700004AF69830B5
:109C2000C0F6000070470000002070470020704719
:109C300010B3042884BF00207047F0B581B040F213
:109C40002801C2F2000151F820402046F6F702FC3C
:109C500010F0E00F18BF1F2001064ED0C1B240F235
:109C6000102C042900F0030EC2F2000C18D20023BD
:109C7000BEF1000F2FD140E040F22800C2F20000F8
:109C8000006840F210210088C2F2000148804FF4C1
:109C9000417140F21020C2F200000180704700BF05
:109CA00001F0FC014B42ACF10801651C6FF00302AE
:109CB000AE18F77804324F8137798F817779CF8169
:109CC000B6790E829E18043601F10801F0D1131DF9
:109CD000BEF1000F11D0E25C591CBEF1010F2CF84F
:109CE00011200AD0625C991CBEF1020F2CF81120E1
:109CF00003D0615C0CEB4302D180C0B2022101EBC6
:109D0000400040F4407101B0BDE8F04040F2102046
:109D1000C2F20000018070477047000000EB400075
:109D200040F25021C2F2000101EB8010018F828FBE
:109D3000C38FD21A48BF02EB4102037B407B92B231
:109D4000C01A8A4238BF114651FA80F070470000AD
:109D500000EB400040F25021C2F2000101EB801004
:109D6000817C90F82A00002918BF0121002818BF23
:109D7000012008407047000080B500EB400040F231
:109D80005022C2F2000202EB801004222830FFF7BA
:109D9000ADF80438B0FA80F0400980BD2DE9F04FED
:109DA00083B000EB400040F25027C2F2000707EBFF
:109DB0008016B07CA0B1994606F11005002B4FF03B
:109DC000000A00F0A1804FEA011B0BF10F00904642
:109DD000B71C01900BF10500002402901DE000BFAC
:109DE0000024204603B0BDE8F08F00BF0298387011
:109DF0000221F17157FA81F0C1F10401C9B2F6F7FD
:109E00008DFB284639460422FFF7E0F80428A6F81F
:109E100006A040F09180A14578D02846FFF7F8F8D9
:109E2000042874D3B17918F9040004F10104B9B11C
:109E3000042973D27854B378B27903F00F03511C1C
:109E4000042BB17108BF10F1090015D0F079C9B227
:109E500081420146DFD1C8B20428CBD3D1E700BF8D
:109E6000B178022201F00F010429B271F0700DD116
:109E70000930BBD004221AE0101D40EA0B00B0707C
:109E8000F171C8B20428B5D3BBE700BFC1B209095C
:109E900010F1400F4FF0040206DB0E2904D020F031
:109EA0001F02403206D1032241EA0B003870F271E2
:109EB000B1E700BF0F2905D110F1100108D104202E
:109EC000042116E00198A6F804A0B07090E700BF46
:109ED00020F002010F3103D10221032009E000BF6D
:109EE0000E304FF002004FF0050108BF042008BFFC
:109EF000032141EA0B01F071B1700221C9B2814224
:109F000001467FF488AFA6E7002400E04C462846CF
:109F1000FFF78AF8204603B0BDE8F08F4EF6F05008
:109F2000CEF200000068C0073FF45BAF00BE2046E1
:109F300003B0BDE8F08F00BF4EF6F050CEF2000047
:109F40000068C0073FF44DAF00BE204603B0BDE837
:109F5000F08F0000704700007047000040F2901042
:109F6000C2F20000007C002818BF012070470000EA
:109F7000704700002DE9F04740F20806C2F20006E3
:109F80003278FF2A02D00120BDE8F087002941D0B5
:109F900040F29017C2F200078246884607F10C0093
:109FA0003721F6F7DDFA0020387006F10C00FFF7D4
:109FB000DBF8301D7860781C00F0DCFB7978B86045
:109FC000FF293FD04AF674390025C0F60009002465
:109FD000C8B2844204D2B86840B3284402E000BF4B
:109FE000484623D1406808B3804779780134481C3B
:109FF000C0B2844205F12405EAD35046414686F8B2
:10A0000000A0FDF747FD48B35046FDF765FD012070
:10A01000BDE8F0874EF6F050CEF200000068C007B1
:10A0200023D0002000BEBDE8F08700BF4EF6F05000
:10A03000CEF200000068C00717D0002000BEBDE8C7
:10A04000F08700BF4EF6F050CEF200000068C00767
:10A050000BD0002000BEBDE8F08700BF4EF6F050E8
:10A06000CEF200000068C00702D10020BDE8F087F2
:10A07000002000BEBDE8F087704700007047000078
:10A080002DE9F04F87B040F20805C2F200052878AC
:10A09000FF2800F01E8303AE40F2901A301DC2F27A
:10A0A000000A4AF6743B01900AF10C004FF0FF39A8
:10A0B000C0F6000B4FF0000802900DE09DF80C0078
:10A0C0009DF81120059B00F079FB00BF08F1010805
:10A0D000B8F1100F00F0FD826968DAF80440002042
:10A0E00088472A8904F1080031460023FFF714FA53
:10A0F0006968074601208847002F00F0EA829DF832
:10A100000D000138072800F2DF80DFE800F0054D80
:10A1100031392971B54500BF9AF80100FF2800F0D8
:10A12000DD809DF80C70002600240FE0584640F0BA
:10A130000B81C168384688479AF801000134411CF8
:10A14000C9B28C4206F1240680F0C880C0B28442B5
:10A15000ECD2DAF80800002800F0F6803044E8E796
:10A160009AF80C000028B1D0FFF702FFAEE700BF5D
:10A170009AF81200C007A9D00498FFF77DFFA5E761
:10A180009AF80C000028A1D09AF80F00C0F3400004
:10A19000FFF774FF9AE700BF049900293FF496AFD8
:10A1A0000598884792E700BF9AF80100FF2800F061
:10A1B000B1809DF80C70002600240FE0584640F056
:10A1C000CD80C168384688479AF801000134411CA7
:10A1D000C9B28C4206F1240680F09C80C0B2844251
:10A1E000ECD2DAF80800002800F0B8803044E8E744
:10A1F0009AF80000002800F059829AF8000001380F
:10A200008AF800009AF8000000287FF45FAF012070
:10A210008AF80C009AF8330000F0FE008AF8330048
:10A220009AF8330000F0FB008AF833009AF8340003
:10A2300000F0FE008AF834009AF8340000F0FB00C9
:10A240008AF834009DF80C70002000F0A5FA9DF803
:10A250001020C2F34110022800F09680032840F03D
:10A26000A3804EF6F050CEF200000068C00700F068
:10A27000128200BE0FE200BF9DF8101011F00F0017
:10A280000AEB400000EBD11292F8333003F0FE03EA
:10A2900082F8333092F8333003F0FB0382F8333026
:10A2A0003FF40CAFCA09104490F823009AF801203B
:10A2B00082425DD9DAF80820002A00F0038200EB20
:10A2C000C00002EB800056E04EF6F050CEF20000E7
:10A2D0000068C0073FF4FAAE00BEF7E602983721E7
:10A2E000F6F73EF9CAF82F90CAF82B90CAF82790D3
:10A2F000CAF82390CAF81F90CAF81B90CAF81790A2
:10A30000CAF8139000F03CFA9DF8100003AE8AF8EA
:10A310001100DBE602983721F6F722F9CAF82F90F0
:10A32000CAF82B90CAF82790CAF82390CAF81F9051
:10A33000CAF81B90CAF81790CAF8139000F020FAD8
:10A3400000F0CEF903AEC1E64EF6F050CEF20000BA
:10A350000068C007D6D000BED4E700BF4EF6F0506C
:10A36000CEF200000068C007E8D000BEE6E700BFFC
:10A37000584640F0A78187699DF80C009DF8112090
:10A38000059BB847A2E600BF4AF2E560C0F60000B0
:10A3900000F002FA019A3846012100F0A3F90028E2
:10A3A0007FF494AE77E100BF02F01F01022937D09D
:10A3B00001291DD0002959D101286BD1BDF8140005
:10A3C00010F0F00F40F0678100F00F005044C07CA7
:10A3D0009AF80110814240F2A380DAF808100029AF
:10A3E00000F0598100EBC00001EB80049BE000BF4E
:10A3F000BDF8140010F0F00F40F04D8100F00F0098
:10A400005044C07C9AF80110814253D9DAF8081000
:10A41000002900F0408100EBC00001EB80044CE01B
:10A42000BDF8141001F00F00082829D20AEB4003F0
:10A43000C9B203EBD1139AF8016093F82330DAF82C
:10A4400008C003EBC3049E424FF0000308BF5B4605
:10A4500088BF0CEB840312F0600F4DD0002B03AECD
:10A4600000F0198158691C465EE000BF4EF6F050BE
:10A47000CEF200000068C00700F00D8100BE0AE1C6
:10A480004EF6F050CEF200000068C00700F00381E5
:10A4900000BE00E19DF8110009284DD8DFE800F06A
:10A4A00006784CA84CB4C04C568400BF9AF80F00F4
:10A4B00063E000BF5C4640F0EE80606900F06CF93C
:10A4C0006369019A38460121984700287FF4FEAD60
:10A4D0009DF8100010F0600F40F0DD80002000F0CB
:10A4E0005BF99DF811000B2800F0C4800A2840F0A9
:10A4F000D28000202CE000BF9DF81120032A18BF55
:10A50000012A2FD1BDF8120003AE002840F09B8035
:10A510001C460020012A40F0938000F00BFA91E0E5
:10A520005C4640F0B880606900F036F96369019AD2
:10A5300038460121984732E74EF6F050CEF200003F
:10A540000068C00700F0A78000BEA4E09AF81000E1
:10A5500001998DF81A0038460DF11A020123FFF710
:10A56000E9FAB3E5002A03AE60D10AEB4000C9095D
:10A57000084490F83300C0F340000199ADF81A0088
:10A5800038460DF11A020223FFF7D4FA9EE500BF08
:10A59000BDF81200012840F07E809AF80F0000F00C
:10A5A000FD008AF80F0065E09DF812109AF810007F
:10A5B00088425FD078B1384600910021FDF764FCF5
:10A5C0003846FCF741FD9AF811403846FCF78AFC02
:10A5D00000998AF8114000298AF8101048D03846AE
:10A5E000FEF7BCF900284BD0FFF7B6FC42E000BFF5
:10A5F000BDF8120001284ED19AF80F0040F0020079
:10A600008AF80F0036E000BF019800F0CBF89DF803
:10A6100012103846FDF72CFC01208AF80D0055E594
:10A6200001993846FEF738F9B9E600BF4EF6F0500A
:10A63000CEF200000068C0072DD000BE2BE000BFA6
:10A6400000F0BAF92346002B3FF440AD58691C4690
:10A6500000F0A2F86369019A38460121984700206A
:10A6600000F09AF89AF83400C0077FF42FAD01E0AB
:10A6700000F036F801993846FFF740FA26E500BFAA
:10A6800000208AF810004EF6F050CEF2000000686C
:10A69000C00700D000BE9DF80C000021FCF7B0FD03
:10A6A0009DF80C008021FCF7ABFD0FE54EF6F05055
:10A6B000CEF200000068C0070BD000BE07B0BDE8B6
:10A6C000F08F00BF4EF6F050CEF200000068C007D9
:10A6D00002D107B0BDE8F08F00BE07B0BDE8F08F33
:10A6E000704700000020704710B582B0F1B101281A
:10A6F00010D80A7872B140F21033C2F200031A5433
:10A700000A78012A02D1FFF735FC48B3012002B0D4
:10A7100010BD00BF4EF6F050CEF200000068C0073A
:10A7200000D000BE002002B010BD00BF01240DF11A
:10A7300006010020ADF80640FFF71CFC30B140F2E6
:10A740001031C2F200010C7002B010BD4EF6F05193
:10A75000CEF200010968C907E5D000BE02B010BD05
:10A760004EF6F050CEF200000068C007DAD000BE0E
:10A77000D8E700000146002200200A707047000060
:10A7800040F21810C2F200000021C0E90011C0E937
:10A79000021101617047000040F21811C2F200017D
:10A7A000086170470168406840F21812C2F2000266
:10A7B0000023C2E90010C2E9023370472DE9F043DB
:10A7C00081B040F21814C2F2000494F90020514004
:10A7D00049B2B1F1FF3F4FDD002A0CD4A268002A34
:10A7E00045D004F11401054610461A461E46F5F7F9
:10A7F00050FE33462846E189A268CD18D118402B77
:10A80000E581A16046D3E388AEB2B34242D0A789C6
:10A810004FF000087B1B9BB2402B28BF402394F9CC
:10A820000050B5F1FF3F4FF000050DDCB7420AD0F4
:10A83000AAB104F11402814610461A461D46F5F7E6
:10A8400028FE2B4648468025BA1B294618BF04F12E
:10A850001402CDF8008000F0CFF800284BD14EF65E
:10A86000F050CEF200000068C00700D000BE00200B
:10A8700001B0BDE8F08300BF83B34EF6F050CEF2D6
:10A8800000000068C007F2D000BE002001B0BDE8A3
:10A89000F08300BF23694BB140F21812C2F20002EC
:10A8A0000221054698470146284649B3217880226F
:10A8B000002722EA010100220023009700F09CF803
:10A8C000C8B94EF6F050CEF200000068C007CED0F6
:10A8D00000BE002001B0BDE8F08300BF2146054660
:10A8E000FCF74CFB236933B140F218122846C2F240
:10A8F000000203219847012001B0BDE8F08300BFAA
:10A9000000210446FCF77CFC20468021FCF778FC03
:10A91000012001B0BDE8F08340F2901201F00F0079
:10A92000C2F2000202EB400000EBD11000213330F4
:10A93000FEF798BA10B540F20800C2F200000078A5
:10A940000C46FCF735FB40F2901104F00F00C2F208
:10A95000000101EB400000EBD41090F8331001F03F
:10A96000FD0180F8331090F8331001F0FE0180F8FB
:10A97000331010BD8878000706D440F20800C2F2F8
:10A9800000000078FCF796BB4EF6F050CEF20000C7
:10A990000068C00700D000BE0020704740F290124F
:10A9A00001F00F00C2F2000202EB400000EBD110F8
:10A9B00000213330FEF76ABA10B540F20800C2F247
:10A9C000000000780C46FCF71BFC40F2901104F0EC
:10A9D0000F00C2F2000101EB400000EBD41090F830
:10A9E000331041F0020180F8331090F8331041F039
:10A9F000010180F8331010BDB0B582B040F2901460
:10AA000001F00F00C2F2000404EB400040F2080C19
:10AA100000EBD115C2F2000C9CF8000015F833CF02
:10AA20005FEACC7422D12C78DDF818C044F0010420
:10AA30002C70CDF800C0FCF721FC00281EBF0120BF
:10AA400002B0B0BD287800F0FE002870287800F031
:10AA5000FB0028704EF6F050CEF200000068C007F0
:10AA600000D000BE002002B0B0BD00BF4EF6F050D6
:10AA7000CEF200000068C007F4D000BE002002B093
:10AA8000B0BD0000B0B582B040F2901401F00F00EC
:10AA9000C2F2000404EB400040F2080C00EBD115B8
:10AAA000C2F2000C9CF8000015F833CF5FEACC74BA
:10AAB00022D12C78DDF818C044F001042C70CDF8B8
:10AAC00000C0FCF731FC00281EBF012002B0B0BD61
:10AAD000287800F0FE002870287800F0FB0028702D
:10AAE0004EF6F050CEF200000068C00700D000BE65
:10AAF000002002B0B0BD00BF4EF6F050CEF2000014
:10AB00000068C007F4D000BE002002B0B0BD000055
:10AB1000014640F20800C2F200000078002908BF98
:10AB2000FCF7CEBFFCF7D8BFF1EE100A4FF6FF716D
:10AB3000C0F2C03120EA010040F04070E1EE100A9E
:10AB40007047090400000000000000000102030437
:10AB500006070809000000000102030401000200CA
:10AB60000400060008000A000C001000200040004D
:10AB70008000000100000000E1850008DD8500087C
:10AB8000A58700082D860008D9850008D187000810
:10AB90000000000000000000120100020000004060
:10ABA000FECA024000010102030109026500020120
:10ABB00000803209040000000101000009240100A6
:10ABC000010900010109040100020103000007243A
:10ABD00001000141000624020101000624020202D4
:10ABE00000092403010301020100092403020401F6
:10ABF00001010009050102400000000005250101D6
:10AC00000109058102400000000005250101033112
:10AC100032333435360054696E79555342204D49EC
:10AC20004449004D6175726F2773204D4944492096
:10AC3000436F6E74726F6C6C65720053544D696330
:10AC4000726F656C656374726F6E69637300000088
:10AC500070AC00080000002040000000B8020008AE
:10AC6000B0AC000840000020900F0000D80200089F
:10AC70000100000010000000FF00000011AB000800
:10AC80000C00000012030020C000000000000000C3
:10AC9000004400400090D00342AB00083BAC0008E9
:10ACA00023AC00080FAC000816AC00080000000040
:040000050800025598
:00000001FF
